Data (link pndb),Title,Description,Species,Gbif link
https://pndb.opendatasoft.com/explore/assets/16s-sequencing-of-a-synthetic-bacterial-community-associated-with-microalgae-alexandrium-minutum-and-prymnesium-parvum/,16S sequencing of a synthetic bacterial community associated with microalgae (Alexandrium minutum an...,Lien vers les données This study aims to characterize the assemblage of a synthetic bacterial community when exposed to the exudates of Alexandrium minutum and Prymnesium parvum in presence and absence of microalgal cells. Both free-living and host-cell-attached bacterial communities were analyzed.,"Alexandrium minutum, Prymnesium parvum","https://www.gbif.org/species/3205121, https://www.gbif.org/species/7513065"
https://pndb.opendatasoft.com/explore/assets/2d-3d-coordinates-for-equids-lower-cheek-teeth-and-metapodials-for-geometric-morphometrics/,"2D, 3D coordinates for Equids' Lower Cheek Teeth and Metapodials for Geometric Morphometrics","Lien vers les données Equids have shaped past Eurasian societies in many ways. This applies in particular to domestic horses, donkeys, and their hybrids. Key to documenting modes of exploitation and cultural trajectories in past societies is the correct taxonomic classification of tooth and bone specimens found in archaeological sites. However, close osteomorphological resemblance of wild and domestic equids and their economically valuable hybrids, i.e. mules and hinnies, complicates the identification of intentionally fragmented or naturally damaged archaeological specimens. Here, we apply Geometric Morphometrics (GM) to mandibular teeth and metapodials, two skeletal elements commonly found in archaeological collections and known for their diagnostic properties using traditional morphometric methods. We registered a statistically representative set of 2D and 3D coordinates on mandibular teeth (P3, P4, M1, M2) and metapodials of 92 domestic horses (Equus caballus Linnaeus, 1758), 70 domestic donkeys (Equus asinus Linnaeus, 1758), 30 hybrids, and 63 Asiatic wild asses (Equus hemionus Pallas, 1775). Taxonomic classification of these 255 specimens considered both shape and form, applying Linear Discriminant Analysis, k-Nearest Neighbors algorithm and Artificial Neural Networks to seven combinations of taxa. We obtained correct classifications in over 87% and 80% respectively of the premolars and molars and in over 93% and 89% respectively of the metacarpals and metatarsals. This modern dataset was then used to classify equid specimens from three archaeological sites in the Middle East already analyzed morphologically. Taking into account the past zoogeography of wild equids and the historical distribution of their domesticated descendants and hybrids, the GM approach presented in this study offers the possibility to morphologically classify archaeological equids with far greater certainty than has been the case so far.","Equus asinus, Equus asinus, Equus caballus, Equus caballus, Equus hemionus, Equus hemionus","https://www.gbif.org/species/2440891, https://www.gbif.org/species/2440891, https://www.gbif.org/species/2440886, https://www.gbif.org/species/2440886, https://www.gbif.org/species/2440893, https://www.gbif.org/species/2440893"
https://pndb.opendatasoft.com/explore/assets/a-broad-scale-long-term-dataset-of-sabellaria-alveolata-distribution-and-abundance-curated-through-the-reehab-reef-habitat-project/,A broad-scale long-term dataset of Sabellaria alveolata distribution and abundance curated through t...,"Lien vers les données Numerous reef-forming species have declined dramatically in the last century, many of which have been insufficiently documented due to anecdotal or hard-to-access information. One of them, the honeycomb worm Sabellaria alveolata (L.) is a tube-building polychaete that can form large reefs, providing important ecosystem services such as coastal protection and habitat provision. It ranges from Scotland to Morocco, yet little is known about its distribution outside of the United Kingdom, where it is protected and where there is a strong heritage of natural history and sustained observations. As a result, online marine biodiversity information systems currently contain haphazardly distributed records of S. alveolata. One of the objectives of the REEHAB project (http://www.honeycombworms.org) was to combine historical records with contemporary data to document changes in the distribution and abundance of S. alveolata. Here we publish the result of the curation of 331 sources, gathered from literature, targeted surveys, local conservation reports, museum specimens, personal communications by authors and by their research teams, national biodiversity information systems (i.e. the UK National Biodiversity Network (NBN), https://nbn.org.uk/) and validated citizen science observations (i.e. https://www.inaturalist.org/). 80% of these records were not previously referenced in any online information system. Additionally, historic field notebooks from Edouard Fischer-Piette and Gustave Gilson were scanned for S. alveolata information and manually entered. Each of the 21512 S. alveolata records were checked for spatial and taxonomic accuracy, particularly in the English Channel and the North Sea where incorrectly identified observations of intertidal Sabellaria spinulosa were recorded. A further 54 observations are recorded as ‘Sabellaria spp.’ as the available information did not allow for an identification to species level. Many sources reported abundances based on the semi-quantitative SACFOR scale whilst others simply noted its presence, and others still verified both its absence and presence. The result is a curated and comprehensive dataset spanning over two centuries on the past and present global distribution and abundance of S. alveolata. Sabellaria alveolata records projected onto a 50km grid. When SACFOR scale abundance scores were given to occurrence records, the highest abundance value per grid cell was retained.",Sabellaria spinulosa,https://www.gbif.org/species/5199282
https://pndb.opendatasoft.com/explore/assets/a-collection-of-datasets-on-forest-biodiversity-and-microclimates-in-france-2019-2023/,A collection of datasets on forest biodiversity and microclimates in France (2019-2023),"All the data stored in this collection of datasets was collected during the period 2019-2023 within the framework of the project number ANR-19-CE32-0005 entitled ""Impacts of Microclimatic Processes on foRest bIodiversity redistributioN under macroclimaTe warming"" (IMPRINT) funded by the Agence nationale de la recherche (ANR). The project aims to model forest microclimates at fine spatiotemporal resolution and link it to understory biodiversity data. The different datasets available in that collection contain (i) biodiversity surveys (vascular plants, bryophytes and soil artropods), (ii) in-situ microclimate records (both air and soil temperature near the ground surface), (iii) ground-truth measurements of stand characteristics (maximum height, stem diameter, species identity and status) and (iv) high-resolution airborne LiDAR images, all collected across three deciduous state forests in France (Aigoual, Blois and Mormal). Mormal is a lowland forest dominated by beech (Fagus sylvatica) and/or pedunculate oak (Quercus robur) stands, Blois is a lowland forest dominated by pure sessile oak stands (Quercus petraea), and Aigoual is a mountain forest dominated by pure beech stands. All three are state forests managed by the ONF (Office National des Forêts, i.e. French forest office), mostly as even-aged “high forests”, except for a few coppices in Aigoual as well as some stands not managed for accessibility or conservation reasons.","Fagus sylvatica, Quercus petraea, Quercus robur","https://www.gbif.org/species/2882316, https://www.gbif.org/species/2880130, https://www.gbif.org/species/2878688"
https://pndb.opendatasoft.com/explore/assets/abondance-daraignee-de-mer-maja-squinado-observee-lors-des-campagnes-scientifiques-sur-la-periode-2005-2010/,Abondance d'araignée de mer (Maja squinado) observée lors des campagnes scientifiques sur la période...,"L'abondance d'araignées (Maja squinado) est exprimée en nombre d’individus par km² et observée lors des campagnes halieutiques de l'Ifremer utilisant un engin de pêche ”traînant de fond” : CGFS (2005-2009), LANGOLF (2006-2009), ORHAGO (2007-2010). Données utilisées dans le cadre d'une étude visant à l'identification de zones de moindres contraintes pour l'exploitation de granulats marins (étude confiée par le Ministère chargé de l'écologie).","Maja squinado, Maja squinado","https://www.gbif.org/species/5178690, https://www.gbif.org/species/5178690"
https://pndb.opendatasoft.com/explore/assets/abondance-de-galathee-munida-bamffia-observee-lors-des-campagnes-scientifiques-sur-la-periode-2006-2010/,Abondance de galathée (Munida bamffia) observée lors des campagnes scientifiques sur la période 2006...,"Lien vers les données L'abondance de galathée (Munida bamffia) est exprimée en nombre d’individus par km² et observée lors des campagnes halieutiques de l'Ifremer utilisant un engin de pêche ”traînant de fond” : LANGOLF (2006-2009), ORHAGO (2007-2010). Données utilisées dans le cadre d'une étude visant à l'identification de zones de moindres contraintes pour l'exploitation de granulats marins (étude confiée par le Ministère chargé de l'écologie).",Munida bamffia,https://www.gbif.org/species/11369288
https://pndb.opendatasoft.com/explore/assets/abondance-de-grande-roussette-scyliorhinus-stellaris-observee-lors-des-campagnes-scientifiques-sur-la-periode-2005-2009/,Abondance de grande roussette (Scyliorhinus stellaris) observée lors des campagnes scientifiques sur...,Lien vers les données L'abondance de grande roussette (Scyliorhinus stellaris) est exprimée en nombre d’individus par km² et observée lors de la campagne halieutique de l'Ifremer utilisant un engin de pêche ”traînant de fond” : CGFS (2005-2009). Données utilisées dans le cadre d'une étude visant à l'identification de zones de moindres contraintes pour l'exploitation de granulats marins (étude confiée par le Ministère chargé de l'écologie).,Scyliorhinus stellaris,https://www.gbif.org/species/2418670
https://pndb.opendatasoft.com/explore/assets/abondance-de-juveniles-de-ceteau-dicologlossa-cuneata-observee-lors-des-campagnes-scientifiques-sur-la-periode-2000-2009/,Abondance de juvéniles de céteau (Dicologlossa cuneata) observée lors des campagnes scientifiques su...,"Lien vers les données L'abondance de juvéniles de céteau (Dicologlossa cuneata) est exprimée en nombre d’individus par km² et observée lors des campagnes halieutiques de l'Ifremer utilisant un engin de pêche ”traînant de fond” : Nurse Loire et Gironde (2000-2003), Nurse Vilaine (2003-2009), PECOS (2004-2006). Données utilisées dans le cadre d'une étude visant à l'identification de zones de moindres contraintes pour l'exploitation de granulats marins (étude confiée par le Ministère chargé de l'écologie).",Dicologlossa cuneata,https://www.gbif.org/species/2410042
https://pndb.opendatasoft.com/explore/assets/abondance-de-juveniles-de-langoustine-nephrops-norvegicus-observee-lors-des-campagnes-scientifiques-sur-la-periode-2006-2009/,Abondance de juvéniles de langoustine (Nephrops norvegicus) observée lors des campagnes scientifique...,Lien vers les données L'abondance de juvéniles de langoustine (Nephrops norvegicus) est exprimée en nombre d’individus par km² et observée lors de la campagne halieutique de l'Ifremer utilisant un engin de pêche ”traînant de fond” : LANGOLF (2006-2009). Données utilisées dans le cadre d'une étude visant à l'identification de zones de moindres contraintes pour l'exploitation de granulats marins (étude confiée par le Ministère chargé de l'écologie).,Nephrops norvegicus,https://www.gbif.org/species/2226962
https://pndb.opendatasoft.com/explore/assets/abondance-de-juveniles-de-maigre-argyrosomus-regius-observee-lors-des-campagnes-scientifiques-sur-la-periode-2000-2006/,Abondance de juvéniles de maigre (Argyrosomus regius) observée lors des campagnes scientifiques sur ...,"Lien vers les données L'abondance de juvéniles de maigre (Argyrosomus regius) est exprimée en nombre d’individus par km² et observée lors des campagnes halieutiques de l'Ifremer utilisant un engin de pêche ”traînant de fond” : Nurse Loire et Gironde (2000-2003), PECOS (2004-2006). Données utilisées dans le cadre d'une étude visant à l'identification de zones de moindres contraintes pour l'exploitation de granulats marins (étude confiée par le Ministère chargé de l'écologie).",Argyrosomus regius,https://www.gbif.org/species/5212437
https://pndb.opendatasoft.com/explore/assets/abondance-de-juveniles-de-merlu-merluccius-merluccius-observee-lors-des-campagnes-scientifiques-sur-la-periode-2000-2009/,Abondance de juvéniles de merlu (Merluccius merluccius) observée lors des campagnes scientifiques su...,"Lien vers les données L'abondance de juvéniles de merlu (Merluccius merluccius) est exprimée en nombre d’individus par km² et observée lors des campagnes halieutiques de l'Ifremer utilisant un engin de pêche ”traînant de fond” : LANGOLF (2006-2009), Nurse Loire et Gironde (2000-2003), Nurse Vilaine (2003-2009), PECOS (2004-2006). Données utilisées dans le cadre d'une étude visant à l'identification de zones de moindres contraintes pour l'exploitation de granulats marins (étude confiée par le Ministère chargé de l'écologie).",Merluccius merluccius,https://www.gbif.org/species/2415643
https://pndb.opendatasoft.com/explore/assets/abondance-de-merlan-bleu-micromesistius-poutassou-observee-lors-des-campagnes-scientifiques-sur-la-periode-2005-2010/,Abondance de merlan bleu (Micromesistius poutassou) observée lors des campagnes scientifiques sur la...,"Lien vers les données L'abondance de merlan bleu (Micromesistius poutassou) est exprimée en nombre d’individus par km² et observée lors des campagnes halieutiques de l'Ifremer utilisant un engin de pêche ”traînant de fond” : CGFS (2005-2009), EVHOE (2005-2009), LANGOLF (2006-2009), ORHAGO (2007-2010). Données utilisées dans le cadre d'une étude visant à l'identification de zones de moindres contraintes pour l'exploitation de granulats marins (étude confiée par le Ministère chargé de l'écologie).",Micromesistius poutassou,https://www.gbif.org/species/2415777
https://pndb.opendatasoft.com/explore/assets/abondance-de-petit-tacaud-trisopterus-minutus-observee-lors-des-campagnes-scientifiques-sur-la-periode-2005-2010/,Abondance de petit tacaud (Trisopterus minutus) observée lors des campagnes scientifiques sur la pér...,"Lien vers les données L'abondance de petit tacaud (Trisopterus minutus) est exprimée en nombre d’individus par km² et observée lors des campagnes halieutiques de l'Ifremer utilisant un engin de pêche ”traînant de fond” : CGFS (2005-2009), EVHOE (2005-2009), LANGOLF (2006-2009), ORHAGO (2007-2010). Données utilisées dans le cadre d'une étude visant à l'identification de zones de moindres contraintes pour l'exploitation de granulats marins (étude confiée par le Ministère chargé de l'écologie).",Trisopterus minutus,https://www.gbif.org/species/2415906
https://pndb.opendatasoft.com/explore/assets/abondance-de-petite-vive-echiichthys-vipera-observee-lors-des-campagnes-scientifiques-sur-la-periode-2005-2010/,Abondance de petite vive (Echiichthys vipera) observée lors des campagnes scientifiques sur la pério...,"Lien vers les données L'abondance de petite vive (Echiichthys vipera) est exprimée en nombre d’individus par km² et observée lors des campagnes halieutiques de l'Ifremer utilisant un engin de pêche ”traînant de fond” : CGFS (2005-2009), EVHOE (2005-2009), LANGOLF (2006-2009), ORHAGO (2007-2010). Données utilisées dans le cadre d'une étude visant à l'identification de zones de moindres contraintes pour l'exploitation de granulats marins (étude confiée par le Ministère chargé de l'écologie).","Echiichthys vipera, Echiichthys vipera","https://www.gbif.org/species/2386469, https://www.gbif.org/species/2386469"
https://pndb.opendatasoft.com/explore/assets/abondance-de-plie-pleuronectes-platessa-observee-lors-des-campagnes-scientifiques-sur-la-periode-2005-2010/,Abondance de plie (Pleuronectes platessa) observée lors des campagnes scientifiques sur la période 2...,"Lien vers les données L'abondance de plie (Pleuronectes platessa) est exprimée en nombre d’individus par km² et observée lors des campagnes halieutiques de l'Ifremer utilisant un engin de pêche ”traînant de fond” : CGFS (2005-2009), LANGOLF (2006-2009), ORHAGO (2007-2010). Données utilisées dans le cadre d'une étude visant à l'identification de zones de moindres contraintes pour l'exploitation de granulats marins (étude confiée par le Ministère chargé de l'écologie).",Pleuronectes platessa,https://www.gbif.org/species/7700106
https://pndb.opendatasoft.com/explore/assets/abondance-de-raie-fleurie-leucoraja-naevus-observee-lors-des-campagnes-scientifiques-sur-la-periode-2005-2009/,Abondance de raie fleurie (Leucoraja naevus) observée lors des campagnes scientifiques sur la périod...,"Lien vers les données L'abondance de raie fleurie (Leucoraja naevus) est exprimée en nombre d’individus par km² et observée lors des campagnes halieutiques de l'Ifremer utilisant un engin de pêche ”traînant de fond” : CGFS (2005-2009), EVHOE (2005-2009), LANGOLF (2006-2009). Données utilisées dans le cadre d'une étude visant à l'identification de zones de moindres contraintes pour l'exploitation de granulats marins (étude confiée par le Ministère chargé de l'écologie).",Leucoraja naevus,https://www.gbif.org/species/2419875
https://pndb.opendatasoft.com/explore/assets/abondance-de-rouget-barbet-mullus-surmuletus-observee-lors-des-campagnes-scientifiques-sur-la-periode-2005-2010/,Abondance de rouget barbet (Mullus surmuletus) observée lors des campagnes scientifiques sur la péri...,"Lien vers les données L'abondance de rouget barbet (Mullus surmuletus) est exprimée en nombre d’individus par km² et observée lors des campagnes halieutiques de l'Ifremer utilisant un engin de pêche ”traînant de fond” : CGFS (2005-2009), EVHOE (2005-2009), LANGOLF (2006-2009), ORHAGO (2007-2010). Données utilisées dans le cadre d'une étude visant à l'identification de zones de moindres contraintes pour l'exploitation de granulats marins (étude confiée par le Ministère chargé de l'écologie).",Mullus surmuletus,https://www.gbif.org/species/2396862
https://pndb.opendatasoft.com/explore/assets/abondance-de-seiche-elegante-sepia-elegansis-observee-lors-des-campagnes-scientifiques-sur-la-periode-2005-2010/,Abondance de seiche élégante (Sepia elegansis) observée lors des campagnes scientifiques sur la péri...,"Lien vers les données L'abondance de seiche élégante (Sepia elegansis) est exprimée en nombre d’individus par km² et observée lors des campagnes halieutiques de l'Ifremer utilisant un engin de pêche ”traînant de fond” : EVHOE (2005-2009), LANGOLF (2006-2009), ORHAGO (2007-2010). Données utilisées dans le cadre d'une étude visant à l'identification de zones de moindres contraintes pour l'exploitation de granulats marins (étude confiée par le Ministère chargé de l'écologie).",Sepia elegansis,https://www.gbif.org/species/2290859
https://pndb.opendatasoft.com/explore/assets/abondance-de-seiche-rosee-sepia-orbinyana-observee-lors-des-campagnes-scientifiques-sur-la-periode-2005-2010/,Abondance de seiche rosée (Sepia orbinyana) observée lors des campagnes scientifiques sur la période...,"Lien vers les données L'abondance de seiche rosée (Sepia orbinyana) est exprimée en nombre d’individus par km² et observée lors des campagnes halieutiques de l'Ifremer utilisant un engin de pêche ”traînant de fond” : EVHOE (2005-2009), LANGOLF (2006-2009), ORHAGO (2007-2010). Données utilisées dans le cadre d'une étude visant à l'identification de zones de moindres contraintes pour l'exploitation de granulats marins (étude confiée par le Ministère chargé de l'écologie).",Sepia orbinyana,https://www.gbif.org/species/2290839
https://pndb.opendatasoft.com/explore/assets/abondance-de-sole-pole-solea-lascaris-ou-pegusa-lascaris-observee-lors-des-campagnes-scientifiques-sur-la-periode-2007-2010/,Abondance de sole pole (Solea lascaris ou Pegusa lascaris) observée lors des campagnes scientifiques...,Lien vers les données L'abondance de sole pole (Solea lascaris ou Pegusa lascaris) est exprimée en nombre d’individus par km² et observée lors de la campagne halieutique de l'Ifremer utilisant un engin de pêche ”traînant de fond” : ORHAGO (2007-2010). Données utilisées dans le cadre d'une étude visant à l'identification de zones de moindres contraintes pour l'exploitation de granulats marins (étude confiée par le Ministère chargé de l'écologie).,"Pegusa lascaris, Solea lascaris","https://www.gbif.org/species/2409966, https://www.gbif.org/species/5214112"
https://pndb.opendatasoft.com/explore/assets/abondance-de-turbot-psetta-maxima-observee-lors-des-campagnes-scientifiques-sur-la-periode-2005-2010/,Abondance de turbot (Psetta maxima) observée lors des campagnes scientifiques sur la période 2005 – ...,"Lien vers les données L'abondance de turbot (Psetta maxima) est exprimée en nombre d’individus par km² et observée lors des campagnes halieutiques de l'Ifremer utilisant un engin de pêche ”traînant de fond” : CGFS (2005-2009), ORHAGO (2007-2010). Données utilisées dans le cadre d'une étude visant à l'identification de zones de moindres contraintes pour l'exploitation de granulats marins (étude confiée par le Ministère chargé de l'écologie).",Psetta maxima,https://www.gbif.org/species/2409416
https://pndb.opendatasoft.com/explore/assets/abondance-deglefin-melanogrammus-aeglefinus-observee-lors-des-campagnes-scientifiques-sur-la-periode-2005-2010/,Abondance d'églefin (Melanogrammus aeglefinus) observée lors des campagnes scientifiques sur la péri...,"Lien vers les données L'abondance d'églefin (Melanogrammus aeglefinus) est exprimée en nombre d’individus par km² et observée lors des campagnes halieutiques de l'Ifremer utilisant un engin de pêche ”traînant de fond” : EVHOE (2005-2009), LANGOLF (2006-2009), ORHAGO (2007-2010). Données utilisées dans le cadre d'une étude visant à l'identification de zones de moindres contraintes pour l'exploitation de granulats marins (étude confiée par le Ministère chargé de l'écologie).",Melanogrammus aeglefinus,https://www.gbif.org/species/2415822
https://pndb.opendatasoft.com/explore/assets/abondance-doeufs-de-balai-hippoglossoides-platessoides-observee-lors-de-la-campagne-scientifique-ibts-sur-la-periode-2006-2010/,Abondance d’œufs de balai (Hippoglossoides platessoides) observée lors de la campagne scientifique I...,Lien vers les données L'abondance d’œufs de balai (Hippoglossoides platessoides) est exprimée en nombre d’œufs par m3. Les œufs ont été prélevés lors de la campagne IBTS (2006-2010) avec une pompe (CUFES) qui filtre les particules de plus de 500 microns. Données utilisées dans le cadre d'une étude visant à l'identification de zones de moindres contraintes pour l'exploitation de granulats (étude confiée par le Ministère chargé de l'écologie).,Hippoglossoides platessoides,https://www.gbif.org/species/2409104
https://pndb.opendatasoft.com/explore/assets/abondance-doeufs-de-petite-sole-jaune-buglossidium-luteum-observee-lors-de-la-campagne-scientifique-ibts-sur-la-periode-2006-2010/,Abondance d’œufs de petite sole jaune (Buglossidium luteum) observée lors de la campagne scientifiqu...,Lien vers les données L'abondance d’œufs de petite sole jaune (Buglossidium luteum) est exprimée en nombre d’œufs par m3. Les œufs ont été prélevés lors de la campagne IBTS (2006-2010) avec une pompe (CUFES) qui filtre les particules de plus de 500 microns. Données utilisées dans le cadre d'une étude visant à l'identification de zones de moindres contraintes pour l'exploitation de granulats (étude confiée par le Ministère chargé de l'écologie).,Buglossidium luteum,https://www.gbif.org/species/2409909
https://pndb.opendatasoft.com/explore/assets/abondance-doeufs-de-plie-cynoglosse-glyptocephalus-cynoglossus-observee-lors-de-la-campagne-scientifique-ibts-sur-la-periode-2006-2010/,Abondance d’œufs de plie cynoglosse (Glyptocephalus cynoglossus) observée lors de la campagne scient...,Lien vers les données L'abondance d’œufs de plie cynoglosse (Glyptocephalus cynoglossus) est exprimée en nombre d’œufs par m3. Les œufs ont été prélevés lors de la campagne IBTS (2006-2010) avec une pompe (CUFES) qui filtre les particules de plus de 500 microns. Données utilisées dans le cadre d'une étude visant à l'identification de zones de moindres contraintes pour l'exploitation de granulats (étude confiée par le Ministère chargé de l'écologie).,Glyptocephalus cynoglossus,https://www.gbif.org/species/5213996
https://pndb.opendatasoft.com/explore/assets/abondance-doeufs-de-sole-perdrix-microchirus-variegatus-observee-lors-de-la-campagne-scientifique-ibts-sur-la-periode-2006-2010/,Abondance d’œufs de sole perdrix (Microchirus variegatus) observée lors de la campagne scientifique ...,Lien vers les données L'abondance d’œufs de sole perdrix (Microchirus variegatus) est exprimée en nombre d’œufs par m3. Les œufs ont été prélevés lors de la campagne IBTS (2006-2010) avec une pompe (CUFES) qui filtre les particules de plus de 500 microns. Données utilisées dans le cadre d'une étude visant à l'identification de zones de moindres contraintes pour l'exploitation de granulats (étude confiée par le Ministère chargé de l'écologie).,Microchirus variegatus,https://www.gbif.org/species/2410108
https://pndb.opendatasoft.com/explore/assets/active-microbiome-data-of-penaeus-stylirostris-hemolymph-and-its-rearing-water-under-contrasting-conditions/,Active microbiome data of Penaeus stylirostris hemolymph and its rearing water under contrasting con...,"Lien vers les données Metabarcoding data from water and shrimp's hemolymph in order to assess the microbial structure, variability with rearing conditions and identify possible biomarkers of healthy shrimps.",Penaeus stylirostris,https://www.gbif.org/species/2223879
https://pndb.opendatasoft.com/explore/assets/amostragem-dos-solos-e-produtos-horticolas-na-envolvente-do-complexo-quimicode-estarreja-cqe/,Amostragem dos solos e produtos horticolas na envolvente do Complexo Químicode Estarreja (CQE),"Lien vers les données Localização da área de estudo (aproximadamente 25 km2) e mapa de amostragem dos solos e produtos horticolas na envolvente do Complexo Químicode Estarreja (CQE). Projeto OHMI Estarreja «Concentração de As, Cu, Hg e Zn em solos e produtos agrícolas (Brassica oleracea L., Lycopersicon esculentum Mill e Zea mays L.) numa área industrial no NW de Portugal», 2013. O1 e O2 correspondem, respetivamente, às valas de drenagemda Breja e São Filipe.",Brassica oleracea,https://www.gbif.org/species/3042845
https://pndb.opendatasoft.com/explore/assets/annual-growth-of-laternula-elliptica-shells-from-dumont-durville-station-adelie-land-east-antarctica/,"Annual growth of Laternula elliptica shells from Dumont d'Urville Station (Adélie Land, East Antarct...","Lien vers les données Laternula elliptica is one of the largest bivalve mollusk in Antarctic waters. Its shell presents annual growth increments that can be crossdated for the construction of master chronologies. Inter-annual variations of the resulting growth indices are driven by environmental forcings, among which sea ice and sympagic algae dynamics are the main ones. These two datasets present shell growth data collected in cross-sections of chondrophores (hinge area) of 27 Laternula elliptica specimens harvested by SCUBA diving near Dumont d'Urville Station (Adélie Land, East Antarctica) in January 2016. A calendar year was assigned to each annual growth increment by visual crossdating backward from the sampling year. Growth increment widths, expressed in micrometers, were measured from the last deposited growth increment (margin) toward earlier growth years (raw increment width µm file). Each individual time-series of growth increment width was first power-transformed, then detrended with a negative exponential function to compute two time-series of annual growth indices, with or without prewhitening by fitting an autoregressive model (growth indices file).",Laternula elliptica,https://www.gbif.org/species/4370924
https://pndb.opendatasoft.com/explore/assets/antarctic-blue-whales-in-the-southern-indian-ocean-a-multi-year-and-multi-site-database-of-z-call-detections/,Antarctic blue whales in the southern Indian Ocean: a multi-year and multi-site database of Z-call d...,"Lien vers les données As part of the OHASISBIO project, since January 2010, a network of 6 to 8 autonomous hydrophones is deployed in the southern Indian Ocean (Fig. 1) to monitor the low-frequency sounds (0-120 Hz) carried by the ocean. These acoustic data provide unique information on the seasonal presence of several species and sub-species of large baleen whales. Among them, the Antarctic blue whale (Balaenoptera musculus intermedia) has a distinct call between 18 and 26 Hz, easily recognizable by its Z-shape in a time-frequency diagram. We designed an automatic Z-detector (Socheleau et al., 2015) to cense the Z-calls in our multi-year, multi-site acoustic dataset. The resulting database consists of several metrics: time of detection of each individual call, the ambient noise level between 40 and 60 Hz, and the ratio between the whale chorus between 25 and 27 Hz over the noise level between 30 and 33 Hz. The rationale for these metrics and the interpretation of the results can be found in the paper by Leroy et al. (2016; see reference below). Figure 1: Acoustic records available for Antarctic blue whale Z-call detections. © E Leroy / CNRS-U.Brest LGO Figure 2: Acoustic records available for Antarctic blue whale Z-call detections. © E Leroy / CNRS-U.Brest LGO",Balaenoptera musculus,https://www.gbif.org/species/2440735
https://pndb.opendatasoft.com/explore/assets/aradiv-a-dataset-of-functional-traits-and-leaf-hyperspectral-reflectance-of-arabidopsis-thaliana/,AraDiv: a dataset of functional traits and leaf hyperspectral reflectance of Arabidopsis thaliana,"Lien vers les données The AraDiv dataset provides phenotypic and leaf hyperspectral reflectance (NIRS) data for 721 widely distributed Arabidopsis thaliana accessions. Phenotypic data include vegetative, phenological, and reproductive functional traits, constituting a comprehensive dataset of A. thaliana’s intraspecific phenotypic diversity. Phenotyped accessions were grown in a common garden, and meteorological data recorded during the experiment were also included in AraDiv. The common garden experiment was conducted between February and July 2021 under shade cloth in the experimental field of Centre d’Ecologie Fonctionnelle et Evolutive (CEFE), Montpellier, France.",Arabidopsis thaliana,https://www.gbif.org/species/3052436
https://pndb.opendatasoft.com/explore/assets/archaeobotanical-dataset-on-the-holocene-history-of-vitis-vinifera-in-france/,Archaeobotanical dataset on the Holocene history of Vitis vinifera in France,"Lien vers les données Archaeobotanical analyses on seed/fruit and wood macroremains for the Holocene period in continental France including records of Vitis. Data is recorded according to the chrono-cultural phases identified at the sites (site-phases), all the samples available for a given phase being combined to compose a single entry in the database. For each site-phase, we recorded the total number of macroremains identified and the number of Vitis macroremains. Seed/fruit and wood data are recorded as separate entries, as well as each mode of preservation (charred, waterlogged, mineralized, desiccated). This dataset is used in : Bouby L., Chabal L., Bonhomme V., Baly I., Battentier J., Ben Makhad S., Bonnaire E., Cabanis M., Callou C., Cenzon-Salvayre C., Coubray S., Daoulas G., Delhon C., Derreumaux M., Dhesse P., Dietsch Sellami M.-F., Dufraisse A., Durand A., Durand F., Figueiral I., Flottes L., Gillot I., Hallavant C., Henry A., Jeanty A., Jedrusiak F., Liottier L., Marinval P., Martin L., Neveu E., Paradis L., Pinaud-Querrac'h R., Poirier P., Pradat B., Preiss S., Rovira N., Ros J., Salavert A., Schaal C., Thiébault S., Tillier M., Toulemonde F., Vaschalde C., Wiethold J., Ruas M.-P. &amp; Matterne V., 2023 - The Holocene history of grapevine (Vitis vinifera) and viticulture in France retraced from a largescale archaeobotanical dataset. Palaeogeography, Palaeoclimatology, Palaeoecology 625.","Vitis vinifera, Vitis vinifera","https://www.gbif.org/species/5372392, https://www.gbif.org/species/5372392"
https://pndb.opendatasoft.com/explore/assets/arrete-ndeg-212001-du-12022001/,Arrêté n° 21/2001 du 12/02/2001,Lien vers les données Arrêté n° 21/2001 du 12 février 2001 fixant les modalités d'exploitation de la crevette blanche (Palaemon longirostris dit bouquetin ou bouquet delta) en aval de la limite de salure des eaux des fleuves des départements du Calvados et de la Seine Maritime au sud du parallèle passant par le Cap de la Hève.,Palaemon longirostris,https://www.gbif.org/species/2225032
https://pndb.opendatasoft.com/explore/assets/arrete-ndeg-2372004-du-3-septembre-2004/,Arrêté n° 237/2004 du 3 septembre 2004,"Lien vers les données Arrêté n° 237/2004 du 3 septembre 2004 rendant obligatoire la délibération n°2004/BI-6A du CRPMEM de Basse-Normandie portant création et fixant les conditions d'attribution de la licence de pêche des bivalves, palourdes roses et spisule gisement Ouest Cotentin. ABROGE ? Remplacé par : Arrêté n°170/2007 du 30/10/2007 rendant obligatoire la délibération n°2007/BI-7A du CRPMEM de Basse Normandie du 05/10/2007 portant création et fixant les conditions d¿attribution de la licence de pêche des bivalves, palourdes roses (Venerupis rhomboides) et spisule (Spisula ovalis) sur le gisement Ouest Cotentin.","Spisula ovalis, Venerupis rhomboides","https://www.gbif.org/species/5188980, https://www.gbif.org/species/2287811"
https://pndb.opendatasoft.com/explore/assets/atlantic_ch05_product_8-spatial-layer-of-annually-averaged-sediment-balance-trend-as-shoreline-retreatadvance-in-mmyr-for-period-of-50-years-by-stretch-of-coast/,ATLANTIC_CH05_Product_8 / Spatial layer of annually averaged sediment balance trend (as shoreline re...,Lien vers les données The average annual sediment balance per stretch of coast bordering the North Atlantic for the past 50 years.,Atlantic for,https://www.gbif.org/species/7398449
https://pndb.opendatasoft.com/explore/assets/bathing-water-quality-in-europe/,Bathing water quality in Europe,"Lien vers les données The bathing water quality data services include all coastal and inland bathing waters reported and assessed in the European Union Member States, Albania, Switzerland and the United Kingdom. The data is reported annually in the scope of the Bathing Water Directive (Directive 2006/7/EC of the European Parliament and of the Council of 15 February 2006, BWD) reporting obligations. The map services in https://water.discomap.eea.europa.eu/arcgis/rest/services/BathingWater show the location of the bathing waters and the assessment of bathing water quality for the last reported bathing season, as well as for the ten previous bathing seasons. Each bathing water is assessed for three statuses: 1) monitoring calendar status, 2) management status, 3) bathing water quality status. The monitoring calendar status evaluates the implementation of the monitoring calendar in the last reported season (as defined in Annex IV of the Bathing Water Directive). The management status evaluates the management in the last assessment period, whether the bathing water was continuously monitored or not. The bathing quality status evaluates the quality of bathing waters according to the two microbiological parameters: Escherichia coli and Intestinal enterococci (as defined in Annexes I and II of the Bathing Water Directive). The bathing water quality is classified in one of four classes: “Excellent”, “Good”, “Sufficient” or “Poor”. The status “Not classified” is applied if there are not enough available samples to evaluate the water quality. The data service in https://discodata.eea.europa.eu/ contains the results of the bathing water status since 1990: [WISE_BWD].[latest].[assessment_BathingWaterStatus] It also contains the reported data in the following tables: [WISE_BWD].[latest].[timeseries_Characterisation] [WISE_BWD].[latest].[timeseries_SeasonalPeriod] [WISE_BWD].[latest].[timeseries_MonitoringResult] [WISE_BWD].[latest].[spatial_SpatialProtected]",Escherichia coli,https://www.gbif.org/species/11286021
https://pndb.opendatasoft.com/explore/assets/bio-logging-data-of-little-penguin-phillip-island-australia/,"Bio-logging data of Little penguin, Phillip Island, Australia","Lien vers les données This is a data repository of long-term Little penguin (Eudyptula minor) monitoring project in Phillip Island, Australia. The raw bio-logging data (time series data including, depth, temperature, GPS position, and acceleration) were recorded during the breeding season.","Eudyptula minor, Eudyptula minor","https://www.gbif.org/species/2481646, https://www.gbif.org/species/2481646"
https://pndb.opendatasoft.com/explore/assets/biogeographie-des-symbiontes-de-rimicaris-chacei-et-rimicaris-exoculata/,Biogéographie des symbiontes de Rimicaris chacei et Rimicaris exoculata,"Lien vers les données Les deux espèces Rimicaris chacei et Rimicaris exoculata cohabitent sur les mêmes sites de la Ride Médio Atlantique (MAR). Chez Rimicaris chacei une symbiose a été démontré dans la cavité céphalothoracique et dans le tractus digestif, proche phylogénétiquement et morphologiquement mais moins développée que chez Rimicaris exoculata (Apremont et al., 2018). L'étude présente a pour but de voir, le long de la MAR, si les lignées symbiotiques sont séparées selon les sites et/ou selon l'espèce hôte.","Rimicaris chacei, Rimicaris chacei","https://www.gbif.org/species/6454499, https://www.gbif.org/species/6454499"
https://pndb.opendatasoft.com/explore/assets/biomasse-moyenne-et-ecart-type-de-lespece-isidella-elongata-dans-le-golfe-du-lion-medits-2015-2019-cartographie-sans-interpolation/,"Biomasse moyenne et écart-type de l'espèce Isidella elongata dans le Golfe du Lion (MEDITS, 2015-201...",Lien vers les données La biomasse (poids/km²) a été calculée annuellement à partir des données de la campagne MEDITS entre 2015 et 2019 puis la moyenne et l'écart-type ont été calculés par station sur cette période.,Isidella elongata,https://www.gbif.org/species/2261671
https://pndb.opendatasoft.com/explore/assets/biomasse-moyenne-et-ecart-type-de-lespece-pennatula-rubra-dans-le-golfe-du-lion-medits-2012-2019-cartographie-sans-interpolation/,"Biomasse moyenne et écart-type de l'espèce Pennatula rubra dans le Golfe du Lion (MEDITS, 2012-2019)...",Lien vers les données La biomasse (poids/km²) a été calculée annuellement à partir des données de la campagne MEDITS entre 2012 et 2019 puis la moyenne et l'écart-type ont été calculés par station sur cette période.,Pennatula rubra,https://www.gbif.org/species/2258707
https://pndb.opendatasoft.com/explore/assets/biomasse-moyenne-et-ecart-type-interannuel-de-lespece-funiculina-quadrangularis-dans-le-golfe-du-lion-medits-2015-2019/,Biomasse moyenne et écart-type interannuel de l'espèce Funiculina quadrangularis dans le Golfe du Li...,Lien vers les données La biomasse (poids/km²) moyenne et son écart-type ont été calculés sur la période 2015-2019 à partir des cartes annuelles.,Funiculina quadrangularis,https://www.gbif.org/species/2258652
https://pndb.opendatasoft.com/explore/assets/biomasse-moyenne-et-ecart-type-interannuel-de-lespece-lytocarpia-myriophyllum-dans-le-golfe-du-lion-medits-2015-2019/,Biomasse moyenne et écart-type interannuel de l'espèce Lytocarpia myriophyllum dans le Golfe du Lion...,Lien vers les données La biomasse (poids/km²) moyenne et son écart-type ont été calculés sur la période 2015-2019 à partir des cartes annuelles.,Lytocarpia myriophyllum,https://www.gbif.org/species/2267470
https://pndb.opendatasoft.com/explore/assets/bird-reproduction-biodiversity-critical-areas-iucn-headquarters-international-union-for-conservation-of-nature-sterna-dougallii/,Bird reproduction | Biodiversity critical areas | IUCN Headquarters - International Union for Conser...,,"Sterna dougallii, Sterna dougallii","https://www.gbif.org/species/5229249, https://www.gbif.org/species/5229249"
https://pndb.opendatasoft.com/explore/assets/blacksea_ch04_product_18-time-series-of-abundance-of-three-most-abundant-species-of-phytoplankton/,BLACKSEA_CH04_Product_18 / Time series of abundance of three most abundant species of phytoplankton,"Lien vers les données The product gives the time series of the annual concentration of the three most abundant phytoplankton species: Emiliania huxleyi, Pseudosolenia calcar-avis and Ceratium tripos. The periods are different for the different species, ranging from 1969 to 2016. It is based on the data from Black Sea Commission and NATO ODMBS Black Sea Project databases.","Ceratium tripos, Ceratium tripos, Emiliania huxleyi, Emiliania huxleyi, Pseudosolenia calcar, Pseudosolenia calcar","https://www.gbif.org/species/5424676, https://www.gbif.org/species/5424676, https://www.gbif.org/species/5423960, https://www.gbif.org/species/5423960, https://www.gbif.org/species/3194102, https://www.gbif.org/species/3194102"
https://pndb.opendatasoft.com/explore/assets/blacksea_ch11_specification_2-digital-map-of-mnemiopsis-leidyi-alien-species-abundance-distribution-in-the-black-sea/,BLACKSEA_CH11_Specification_2 / Digital map of Mnemiopsis leidyi alien species abundance distributio...,Lien vers les données The digital map of Mnemiopsis leidyi alien species abundance distribution includes 21 available datasets from the Black Sea Database created in framework of the NATO SfP-971818 ODBMS Black Sea Project http://sfp1.ims.metu.edu.tr/ODBMSDB/ and Bulgarian National Monitoring Programme http://bgodc.io-bas.bg/documents/,Mnemiopsis leidyi,https://www.gbif.org/species/2501248
https://pndb.opendatasoft.com/explore/assets/blacksea_ch11_specification_4-table-of-beroe-ovata-alien-species-abundance-and-biomass-distribution-in-the-black-sea/,BLACKSEA_CH11_Specification_4 / Table of Beroe ovata alien species abundance and biomass distributio...,Lien vers les données The table of Beroe ovata alien species abundance and biomass includes 15 available datasets from the Bulgarian National Monitoring Programme http://bgodc.io-bas.bg/documents/,"Beroe ovata, Beroe ovata","https://www.gbif.org/species/5233152, https://www.gbif.org/species/5233152"
https://pndb.opendatasoft.com/explore/assets/blue-crab-portunis-segnis-microbiome-16s-rdna-metabarcoding-projet-valopolymer/,Blue Crab Portunis Segnis Microbiome - 16S rDNA metabarcoding - Projet VALOPOLYMER,"The blue crab Portunus segnis is an invasive species that has been colonizing the Tunisian coasts since 2014. It is currently marketed as a food, and we aim at exploring the associated bacterial diversity in order to open up new ways of valorization. In this study, different blue crab samples were collected from the coastal area of Sfax, Tunisia. Different parts of this shellfish, such as flesh, gills, viscera, carapace scraping sample, as well as three successive blue crab washing waters from the production plant were studied. Bacterial DNA was extracted from each fraction and sequenced using metabarcoding approach targeting the V3-V4 region of the 16S rDNA.","Portunus segnis, Portunus segnis","https://www.gbif.org/species/5863622, https://www.gbif.org/species/5863622"
https://pndb.opendatasoft.com/explore/assets/campagnes-dechantillonnage-de-lombre-commun-thymallus-thymallus-2014-2016/,Campagnes d'échantillonnage de l'ombre commun (Thymallus thymallus) (2014-2016),"Lien vers les données - Description : 3 Campagnes de pêche électrique - Contexte : Données produite dans le cadre du programme de recherche intégré ""Rivière d'Ain"" : Dynamique, fonctionnement et biodiversité des communautés aquatiques face aux pressions anthropiques sur la vallée de l'Ain. Convention CNRS ref. 109651. Partenariat Agence de l'eau RMC-EDF. - But : Evaluer la structure en classes de taille et la croissance des ombres à trois périodes critiques de l'année (pré-estivale, post-estivale, hivernale) - Rivière d'Ain et affluent la Saine - Période : août 2014 à avril 2016",Thymallus thymallus,https://www.gbif.org/species/5203999
https://pndb.opendatasoft.com/explore/assets/capture-par-unite-deffort-moyenne-et-ecart-type-de-lespece-capros-aper-dans-le-golfe-du-lion-donnees-sih-2015-2019/,Capture par unité d'effort moyenne et écart-type de l'espèce Capros aper dans le Golfe du Lion (Donn...,"Lien vers les données Les données de débarquements géolocalisés de capture de pêche de la zone GSA 07, de 2015 à 2019, ont été obtenues auprès du Système d’Information Halieutique (SIH) d’Ifremer avec l’autorisation de la Direction des pêches maritimes et de l’aquaculture (DPMA) du Ministère de l’Agriculture et de la Pêche. La capture par unité d'effort (CPUE) correspond la quantité débarquée de l’espèce en kilogrammes divisée par le temps passé à pêcher l’espèce en heure. La CPUE (kg/tps) a été calculée annuellement entre 2015-2019 puis la moyenne et l'écart-type ont été calculés sur cette période par espèce.",Capros aper,https://www.gbif.org/species/2389708
https://pndb.opendatasoft.com/explore/assets/capture-par-unite-deffort-moyenne-et-ecart-type-de-lespece-cepola-macrophthalma-dans-le-golfe-du-lion-donnees-sih-2015-2019/,Capture par unité d'effort moyenne et écart-type de l'espèce Cepola macrophthalma dans le Golfe du L...,"Lien vers les données Les données de débarquements géolocalisés de capture de pêche de la zone GSA 07, de 2015 à 2019, ont été obtenues auprès du Système d’Information Halieutique (SIH) d’Ifremer avec l’autorisation de la Direction des pêches maritimes et de l’aquaculture (DPMA) du Ministère de l’Agriculture et de la Pêche. La capture par unité d'effort (CPUE) correspond la quantité débarquée de l’espèce en kilogrammes divisée par le temps passé à pêcher l’espèce en heure. La CPUE (kg/tps) a été calculée annuellement entre 2015-2019 puis la moyenne et l'écart-type ont été calculés sur cette période par espèce.",Cepola macrophthalma,https://www.gbif.org/species/2379498
https://pndb.opendatasoft.com/explore/assets/capture-par-unite-deffort-moyenne-et-ecart-type-de-lespece-gobius-niger-dans-le-golfe-du-lion-donnees-sih-2015-2019/,Capture par unité d'effort moyenne et écart-type de l'espèce Gobius niger dans le Golfe du Lion (Don...,"Lien vers les données Les données de débarquements géolocalisés de capture de pêche de la zone GSA 07, de 2015 à 2019, ont été obtenues auprès du Système d’Information Halieutique (SIH) d’Ifremer avec l’autorisation de la Direction des pêches maritimes et de l’aquaculture (DPMA) du Ministère de l’Agriculture et de la Pêche. La capture par unité d'effort (CPUE) correspond la quantité débarquée de l’espèce en kilogrammes divisée par le temps passé à pêcher l’espèce en heure. La CPUE (kg/tps) a été calculée annuellement entre 2015-2019 puis la moyenne et l'écart-type ont été calculés sur cette période par espèce.",Gobius niger,https://www.gbif.org/species/2375526
https://pndb.opendatasoft.com/explore/assets/capture-par-unite-deffort-moyenne-et-ecart-type-de-lespece-lepidorhombus-boscii-dans-le-golfe-du-lion-donnees-sih-2015-2019/,Capture par unité d'effort moyenne et écart-type de l'espèce Lepidorhombus boscii dans le Golfe du L...,"Lien vers les données Les données de débarquements géolocalisés de capture de pêche de la zone GSA 07, de 2015 à 2019, ont été obtenues auprès du Système d’Information Halieutique (SIH) d’Ifremer avec l’autorisation de la Direction des pêches maritimes et de l’aquaculture (DPMA) du Ministère de l’Agriculture et de la Pêche. La capture par unité d'effort (CPUE) correspond la quantité débarquée de l’espèce en kilogrammes divisée par le temps passé à pêcher l’espèce en heure. La CPUE (kg/tps) a été calculée annuellement entre 2015-2019 puis la moyenne et l'écart-type ont été calculés sur cette période par espèce.","Lepidorhombus boscii, Lepidorhombus boscii","https://www.gbif.org/species/2409395, https://www.gbif.org/species/2409395"
https://pndb.opendatasoft.com/explore/assets/capture-par-unite-deffort-moyenne-et-ecart-type-de-lespece-mullus-barbatus-dans-le-golfe-du-lion-donnees-sih-2015-2019/,Capture par unité d'effort moyenne et écart-type de l'espèce Mullus barbatus dans le Golfe du Lion (...,"Lien vers les données Les données de débarquements géolocalisés de capture de pêche de la zone GSA 07, de 2015 à 2019, ont été obtenues auprès du Système d’Information Halieutique (SIH) d’Ifremer avec l’autorisation de la Direction des pêches maritimes et de l’aquaculture (DPMA) du Ministère de l’Agriculture et de la Pêche. La capture par unité d'effort (CPUE) correspond la quantité débarquée de l’espèce en kilogrammes divisée par le temps passé à pêcher l’espèce en heure. La CPUE (kg/tps) a été calculée annuellement entre 2015-2019 puis la moyenne et l'écart-type ont été calculés sur cette période par espèce.",Mullus barbatus,https://www.gbif.org/species/4284897
https://pndb.opendatasoft.com/explore/assets/capture-par-unite-deffort-moyenne-et-ecart-type-de-lespece-parapenaeus-longirostris-dans-le-golfe-du-lion-donnees-sih-2015-2019/,Capture par unité d'effort moyenne et écart-type de l'espèce Parapenaeus longirostris dans le Golfe ...,"Lien vers les données Les données de débarquements géolocalisés de capture de pêche de la zone GSA 07, de 2015 à 2019, ont été obtenues auprès du Système d’Information Halieutique (SIH) d’Ifremer avec l’autorisation de la Direction des pêches maritimes et de l’aquaculture (DPMA) du Ministère de l’Agriculture et de la Pêche. La capture par unité d'effort (CPUE) correspond la quantité débarquée de l’espèce en kilogrammes divisée par le temps passé à pêcher l’espèce en heure. La CPUE (kg/tps) a été calculée annuellement entre 2015-2019 puis la moyenne et l'écart-type ont été calculés sur cette période par espèce.","Parapenaeus longirostris, Parapenaeus longirostris","https://www.gbif.org/species/2223527, https://www.gbif.org/species/2223527"
https://pndb.opendatasoft.com/explore/assets/capture-par-unite-deffort-moyenne-et-ecart-type-de-lespece-phycis-blennoides-dans-le-golfe-du-lion-donnees-sih-2015-2019/,Capture par unité d'effort moyenne et écart-type de l'espèce Phycis blennoides dans le Golfe du Lion...,"Lien vers les données Les données de débarquements géolocalisés de capture de pêche de la zone GSA 07, de 2015 à 2019, ont été obtenues auprès du Système d’Information Halieutique (SIH) d’Ifremer avec l’autorisation de la Direction des pêches maritimes et de l’aquaculture (DPMA) du Ministère de l’Agriculture et de la Pêche. La capture par unité d'effort (CPUE) correspond la quantité débarquée de l’espèce en kilogrammes divisée par le temps passé à pêcher l’espèce en heure. La CPUE (kg/tps) a été calculée annuellement entre 2015-2019 puis la moyenne et l'écart-type ont été calculés sur cette période par espèce.",Phycis blennoides,https://www.gbif.org/species/5214919
https://pndb.opendatasoft.com/explore/assets/capture-par-unite-deffort-moyenne-et-ecart-type-de-lespece-sepia-orbignyana-dans-le-golfe-du-lion-donnees-sih-2015-2019/,Capture par unité d'effort moyenne et écart-type de l'espèce Sepia orbignyana dans le Golfe du Lion ...,"Lien vers les données Les données de débarquements géolocalisés de capture de pêche de la zone GSA 07, de 2015 à 2019, ont été obtenues auprès du Système d’Information Halieutique (SIH) d’Ifremer avec l’autorisation de la Direction des pêches maritimes et de l’aquaculture (DPMA) du Ministère de l’Agriculture et de la Pêche. La capture par unité d'effort (CPUE) correspond la quantité débarquée de l’espèce en kilogrammes divisée par le temps passé à pêcher l’espèce en heure. La CPUE (kg/tps) a été calculée annuellement entre 2015-2019 puis la moyenne et l'écart-type ont été calculés sur cette période par espèce.","Sepia orbignyana, Sepia orbignyana","https://www.gbif.org/species/2290839, https://www.gbif.org/species/2290839"
https://pndb.opendatasoft.com/explore/assets/capture-par-unite-deffort-moyenne-et-ecart-type-de-lespece-todaropsis-eblanae-dans-le-golfe-du-lion-donnees-sih-2015-2019/,Capture par unité d'effort moyenne et écart-type de l'espèce Todaropsis eblanae dans le Golfe du Lio...,"Lien vers les données Les données de débarquements géolocalisés de capture de pêche de la zone GSA 07, de 2015 à 2019, ont été obtenues auprès du Système d’Information Halieutique (SIH) d’Ifremer avec l’autorisation de la Direction des pêches maritimes et de l’aquaculture (DPMA) du Ministère de l’Agriculture et de la Pêche. La capture par unité d'effort (CPUE) correspond la quantité débarquée de l’espèce en kilogrammes divisée par le temps passé à pêcher l’espèce en heure. La CPUE (kg/tps) a été calculée annuellement entre 2015-2019 puis la moyenne et l'écart-type ont été calculés sur cette période par espèce.",Todaropsis eblanae,https://www.gbif.org/species/2290469
https://pndb.opendatasoft.com/explore/assets/capture-par-unite-deffort-moyenne-et-ecart-type-de-lespece-trachinus-draco-dans-le-golfe-du-lion-donnees-sih-2015-2019/,Capture par unité d'effort moyenne et écart-type de l'espèce Trachinus draco dans le Golfe du Lion (...,"Lien vers les données Les données de débarquements géolocalisés de capture de pêche de la zone GSA 07, de 2015 à 2019, ont été obtenues auprès du Système d’Information Halieutique (SIH) d’Ifremer avec l’autorisation de la Direction des pêches maritimes et de l’aquaculture (DPMA) du Ministère de l’Agriculture et de la Pêche. La capture par unité d'effort (CPUE) correspond la quantité débarquée de l’espèce en kilogrammes divisée par le temps passé à pêcher l’espèce en heure. La CPUE (kg/tps) a été calculée annuellement entre 2015-2019 puis la moyenne et l'écart-type ont été calculés sur cette période par espèce.","Trachinus draco, Trachinus draco","https://www.gbif.org/species/2386475, https://www.gbif.org/species/2386475"
https://pndb.opendatasoft.com/explore/assets/captures-issues-des-operations-ciblees-de-prelevement-de-requins-sur-le-littoral-de-la-reunion-crpmemcsr/,Captures issues des opérations ciblées de prélèvement de requins sur le littoral de La Réunion (CRPM...,"Lien vers les données La pêche de prévention a été déployée par le CRPMEM (Comité Régional des Pêches Maritimes et des Élevages Marins, projets CapRequin1 et CapRequin2) de 2014 à 2017, puis par le CSR (Centre Sécurité Requin, Programme Réunionnais de Pêche de Prévention) de 2018 à 2023 à La Réunion. Cette pêche a permis le prélèvement de Requins Bouledogue (Carcharhinus leucas) et Tigre (Galeocerdo cuvier) qui ont fait l'objet de dissection pour une valorisation scientifique. D'autres espèces de poissons (prises accessoires) sont capturées par ce dispositif, sont marquées et relâchées.","Carcharhinus leucas, Galeocerdo cuvier","https://www.gbif.org/species/2418036, https://www.gbif.org/species/2418234"
https://pndb.opendatasoft.com/explore/assets/carte-de-repartition-de-cirsium-arvense-marais-de-sougeal-2012-zone-atelier-armorique-zaar/,"Carte de répartition de Cirsium arvense (Marais de Sougeal, 2012) - Zone Atelier Armorique ZAAr","Lien vers les données Cette étude vise à analyser la répartition du chardon sur le marais de Sougeal Une cartographie des populations de C. arvensea été réalisée sur l’ensemble du marais. Après un repérage préalable sur la photoaérienne de 2011, l’ensemble du marais a été parcouru à pied afin de délimiter les populations en place. Pour chaque population, un indice de densité a été utilisé indexé sur une échelle de cinq niveaux de recouvrement: 0 : 0% de surface occupée par C. arvense, 1 : &lt; 20% de surface occupée, 2 : entre 20% et 50% de surface occupée, 3 : entre 50% et 70% de surface occupée, 4 : &gt; 70% de surface occupée. Les données cartographiques ont été digitalisées sur le logiciel ArcGis. 1 seul relevé a été éffectué en 2012. Un second est prévu d'ici 2016 ou 2017. Financement : Convention d’étude avec la communauté de communes de la baie du mont st michel",Cirsium arvense,https://www.gbif.org/species/3113414
https://pndb.opendatasoft.com/explore/assets/carte-de-repartition-de-deschampsia-cespitosa-marais-de-sougeal-2008-zone-atelier-armorique-zaar/,"Carte de répartition de Deschampsia cespitosa (Marais de Sougéal, 2008 - ...) - Zone Atelier Armoriq...","Lien vers les données Cette étude vise à analyser la répartition de la canche cespiteuse sur le marais de Sougeal Une cartographie des populations de D. cespitosaa été réalisée sur l’ensemble du marais. Après un repérage au préalable sur les photographies aériennes de 2006, l’ensemble du marais a été parcouru à pied afin de délimiter les populations en place. Pour chaque population, un indice de densité a été utilisé indexé sur une échelle de cinq niveaux de recouvrement: 0 : 0% de surface occupée par D. cespitosa, 1 : &lt; 20% de surface occupée, 2 : entre 20% et 50% de surface occupée, 3 : entre 50% et 70% de surface occupée, 4 : &gt; 70% de surface occupée. Ces différents types de population ont été caractérisés par un relevé réalisé pour chacune de ces catégories. Les données cartographiques ont été digitalisées sur le logiciel ArcGis. La surface occupée par D. cespitosasur le marais a été calculée par classe de recouvrement. Relevés tout les 4 ans : 2 relevés effectués 2008 et 2012. Prochain relevé prévu en 2016. Financement : Convention d’étude avec la communauté de communes de la baie du mont st michel",Deschampsia cespitosa,https://www.gbif.org/species/8059811
https://pndb.opendatasoft.com/explore/assets/carte-de-repartition-de-rumex-rupestris-ouessant-2005/,"Carte de répartition de Rumex rupestris, Ouessant (2005)","Lien vers les données Espèce de l'Annexe I Directive Habitat, protégée nationalement, Liste Rouge National, Liste Rouge du Massif Armoricain",Rumex rupestris,https://www.gbif.org/species/4036610
https://pndb.opendatasoft.com/explore/assets/carte-de-repartition-dophioglossum-lusitanicum-ouessant-2005/,"Carte de répartition d'Ophioglossum lusitanicum, Ouessant (2005)",Lien vers les données Liste Rouge du Massif Armoricain,Ophioglossum lusitanicum,https://www.gbif.org/species/2650128
https://pndb.opendatasoft.com/explore/assets/carte-des-geosigmetum-des-marais-atlantiques-2013/,Carte des geosigmetum des marais atlantiques - 2013,"Lien vers les données Carte au 1:50 000ème des geosigmetum des marais atlantiques, dérivée d'une classification d'images Landsat-8 de 2013. La précision globale est de 86%. Les marais ont été identifiés par seuillage du MNT BD ALTI. Nomenclature: 1 Waters 2 Beto maritimae-Agropyreto pungentis geosigmetum 3 Puccinellio maritimae-Arthrocnemeto fruticosi geosigmetum 4 Trifolio maritimae-Oenantheto silaifoliae geosigmetum 5 Senecio aquatici-Oenantheto silaifoliae geosigmetum 6 Reeds 7 Evergreen woods 8 Decidious woods 9 Crops 10 Crops 11 Sands 12 Vegetal dune 14 Impervious 15 Salt pans Pour plus de détails voir la publication scientifique: Rapinel S, Bouzillé J-B, Oszwald J, Bonis A (2015) Use of bi-Seasonal Landsat-8 Imagery for Mapping Marshland Plant Community Combinations at the Regional Scale. Wetlands 35:1043–1054. doi: 10.1007/s13157-015-0693-8","Beto maritimae, Oenantheto silaifoliae, Puccinellio maritimae, Senecio aquatici","https://www.gbif.org/species/5383922, https://www.gbif.org/species/6027222, https://www.gbif.org/species/2704687, https://www.gbif.org/species/7908427"
https://pndb.opendatasoft.com/explore/assets/cartes-de-distribution-des-ecosystemes-marins-vulnerables-emv-mediterranee-2021/,Cartes de distribution des Ecosystèmes Marins Vulnérables (EMV) - Méditerranée (2021),"Lien vers les données Cartes des Ecosystèmes Marins Vulnérables indiqués par les occurrences connues de Corail Bambou (Isidella elongata]), coraux froids (Desmophylum pertusum, Madrepora oculata), crinoïdes (Leptometra phalangium) et pennatulaires (Funiculina quadrangularis) en Méditerranée occidentale au-delà de 200 m de profondeur, et sur le plateau oriental Corse au delà de 60 m de profondeur.",Desmophylum pertusum,https://www.gbif.org/species/9783587
https://pndb.opendatasoft.com/explore/assets/cartographie-des-biocenoses-marines-de-la-cote-bleue-lherbier-a-posidonia-oceanica/,Cartographie des biocénoses marines de la Côte Bleue - L'Herbier à Posidonia océanica,Lien vers les données Ces données sont le résultat de l'analyse d'un site pilote intégré à un programme de cartographie de l'herbier à Posidonia oceanica en région PACA. L'étude porte sur la portion du littoral de la Côte Bleue s'étendant du Cap couronne à l'anse du Rouet. Ce site comprend un des plus importants herbiers de Posidonie de Provence (1 000 ha environ).,Posidonia oceanica,https://www.gbif.org/species/5328663
https://pndb.opendatasoft.com/explore/assets/cartographie-des-cantonnement-des-gorgebleues-a-miroir-blanc-sur-la-zone-cotiere-du-marais-poitevin-etat-au-printemps-2008/,Cartographie des cantonnement des gorgebleues à miroir blanc sur la zone côtière du marais Poitevin....,"Lien vers les données Cantonnement des males chanteurs de gorgebleues à miroir blanc (Luscinia svecica namnetum) à la période de reproduction (printemps), espèce typique des zones humides maritimes, inscrite à l¿annexe 1 de la directive 79/409, dit directive oiseaux.",Luscinia svecica,https://www.gbif.org/species/4408732
https://pndb.opendatasoft.com/explore/assets/cartographie-des-colonies-de-crepidules-crepidula-fornicata-linne-1758-dans-la-baie-de-marennes-oleron-etat-1994-1995/,"Cartographie des colonies de crépidules (Crepidula fornicata Linné, 1758) dans la baie de Marennes-O...","Lien vers les données Cartographie des colonies de la crépidule dans le bassin de Marennes-Oléron et la presqu'île de Fouras - île d'Aix, crées à l'issue du dépouillement de relevés sonar. Des prélèvements ponctuels pour calibration de l'imagerie acoustique ont été réalisés à la benne Shipeck (0,04 m²) pour les prélèvements sédimentaires et à la drague à pétoncle (1,50 m, maille 35 mm) pour les prélèvements de crépidules. L'interprétation acoustique a permis de reconnaître des tâches denses et tapis très denses de crépidules, les escarpement rocheux, les roches et barres rocheuses et les traits de chalutage.",Crepidula fornicata,https://www.gbif.org/species/5192789
https://pndb.opendatasoft.com/explore/assets/changes-in-ecosystem-nitrogen-and-carbon-allocation-with-black-mangrove-avicennia-germinans-encroachment-into-spartina-alterniflora-salt-marsh/,Changes in ecosystem nitrogen and carbon allocation with black mangrove (Avicennia germinans) encroa...,"Lien vers les données Increases in temperature are expected to facilitate encroachment of tropical mangrove forests into temperate salt marshes, yet the effects on ecosystem services are understudied. Our work was conducted along a mangrove expansion front in Louisiana (USA), an area where coastal wetlands are in rapid decline due to compounding factors, including reduced sediment supply, rising sea level, and subsidence. Marsh and mangrove ecosystems are each known for their ability to adjust to sea-level rise and support numerous ecosystem services, but there are some differences in the societal benefits they provide. Here we compare carbon and nitrogen stocks and relate these findings to the expected effects of mangrove encroachment on nitrogen filtration and carbon sequestration in coastal wetlands. We specifically evaluate the implications of black mangrove (Avicennia germinans) encroachment into Spartina alterniflora-dominated salt marsh. Our results indicate that black mangrove encroachment will lead to increased aboveground carbon and nitrogen stocks. However, we found no differences in belowground (i.e., root and sediment) nitrogen or carbon stocks between marshes and mangroves. Thus, the shift from marsh to mangrove may provide decadal-scale increases in aboveground nitrogen and carbon sequestration, but belowground nitrogen and carbon sequestration (i.e., carbon burial) may not be affected. We measured lower pore water nitrogen content beneath growing mangroves, which we postulate may be due to greater nitrogen uptake and storage in mangrove aboveground tissues compared to marshes. However, further studies are needed to better characterize the implications of mangrove encroachment on nitrogen cycling, storage, and export to the coastal ocean.","Avicennia germinans, Spartina alterniflora","https://www.gbif.org/species/2925400, https://www.gbif.org/species/5290035"
https://pndb.opendatasoft.com/explore/assets/chemical-contamination-in-mytilus-galloprovincialis-with-metals-pahs-pcbs-and-organochlorine-pesticides/,"Chemical contamination in Mytilus galloprovincialis with metals, PAHs, PCBs and organochlorine pesti...","Lien vers les données The MYTIAD project focused on the assessment of chemical contamination (metals, PAHs, PCBs and organochlorine pesticides) in the Adriatic coastal waters by active mussel watching. Its purpose was harmonising and standardising strategies and methodologies used to assess the contamination status of the Adriatic Sea, in the framework of the WFD, the MSFD and UNEP/MAP Integrated Monitoring and Assessment Programme. Data on metals pointed out some hotspots along the eastern and western Adriatic Sea coasts, with the highest values of total PAH concentration detected in Split, Trieste, and Taranto (Ionian Sea). PCB and endrin contamination was higher in the Adriatic Sea than in the western Mediterranean Sea. This is the first comprehensive overview of contamination in the Adriatic Sea with critical comparisons of related studies over the Mediterranean Sea. It provides a useful harmonised dataset to support a coordinated definition of baselines, targets and thresholds, and further management of chemical contamination.",Mytilus galloprovincialis,https://www.gbif.org/species/2285683
https://pndb.opendatasoft.com/explore/assets/combining-morphological-and-molecular-data-to-study-past-foraminiferal-communities-from-a-temperate-coastal-sediment-core/,Combining morphological and molecular data to study past foraminiferal communities from a temperate ...,"Lien vers les données This data is associated with a paper presenting the results of a dual approach for assessing fossil benthic foraminiferal communities using both traditional morphology-based analyses and sedimentary ancient DNA (sedaDNA) metabarcoding. The main objectives are to test the feasibility of sedaDNA analysis to assess foraminiferal biodiversity in temperate shelf sediments off a major river system through time (Le Croisic), and to point out the similarities and differences between classical and molecular methods. Our results show that in contrast to the high foraminiferal diversity obtained from classic morphological analysis (over 140 species), the sedaDNA analysis yielded only twenty Operational Taxonomic Units (OTUs), which can be considered as equivalent to species. This strongly suggests a bad preservation of foraminiferal DNA downcore, likely due to the relatively “high” temperature of the study site (14°C), and/or to a methodological bias (e.g., insufficient amount of extracted sediment). In the total sedaDNA, more than 90% of the reads were assigned to monothalamids. In contrast, only a small number of mineralized taxa—highly dominant when identified using the morphological approach—were detected. This could be due to the naturally higher abundance of monothalamids compared to hard-shelled foraminifera. While this abundance is reflected in sedaDNA, it is not preserved in fossil morphological assemblages. In addition, the sedaDNA of monothalamids might be easier to extract and their barcode to amplify than hard-shelled foraminifera. The discrepancies between the microfossil data and sedaDNA also include several species (e.g., Ammonia confertitesta (T6), Elphidium oceanense (S3), Nonionella sp. T4 and Nonionella sp. T6) that were rarely or not found in the fossil material which might be an indication of the presence of propagules, morphologically undetected in the &gt;63µm size fraction used. Finally, the presence of sequences of Ammonia confertitesta (T6) in the deep layer of the study core suggests that this species, considered until now as recently invasive in the European coast, could have been present in the Atlantic coast several thousand of years ago, way before any anthropogenic activity involving international shipping and commercial trades.","Ammonia confertitesta, Elphidium oceanense","https://www.gbif.org/species/8400530, https://www.gbif.org/species/7673379"
https://pndb.opendatasoft.com/explore/assets/comparaison-des-ecosystemes-microbiens-presents-dans-la-chair-de-thon-frais-au-cours-de-la-conservation-sous-air-sous-vide-ou-sous-atmosphere-modifiee/,Comparaison des écosystèmes microbiens présents dans la chair de thon frais au cours de la conservat...,"Lien vers les données Le but de cette étude, qui s’inscrit dans le cadre du projet ECOSYP et de la thèse d’Adèle Dauchy Silbande, est d’évaluer la qualité de steaks de thon jaune conservés sous air (0°C), sous vide (4/8°C), ou sous atmosphère modifiée (70% CO2, 30% O2) (4/8°C), afin de trouver des nouvelles voies de conservation/valorisation des poissons martiniquais. Des darnes de thon conditionnées selon les conditions décrites ci-dessus ont été analysées au cours de l’entreposage, jusqu’à l’altération organoleptique (13 jours). Les écosystèmes microbiens (entre autres) ont été caractérisés par des approches culturales classiques et par séquençage haut débit de la région hypervariable V1-V3 de l’ADNr16S. Le séquençage Illumina MiSeq et une partie du traitement des données ont été réalisés par la société Quality Partner Herstal, Belgique. Rhodanobacter terrae, jamais décrite dans les produits de la mer, est la principale espèce bactérienne présente dans le thon fraîchement pêché. Au moment du rejet sensoriel, Brochothrix thermosphacta domine les produits sous atmosphère modifiée tandis qu'un mélange de B. thermosphacta et de Pseudomonas ou un mélange de B. thermosphacta, d'Enterobacteriaceae et de bactéries lactiques dominent le microbiote des produits respectivement sous air et sous vide.","Brochothrix thermosphacta, Brochothrix thermosphacta, Rhodanobacter terrae, Rhodanobacter terrae","https://www.gbif.org/species/3228106, https://www.gbif.org/species/3228106, https://www.gbif.org/species/7964451, https://www.gbif.org/species/7964451"
https://pndb.opendatasoft.com/explore/assets/compilation-of-image-annotations-and-environmental-data-of-7-years-of-monitoring-of-hydrothermal-assemblages-using-the-tempo-ecological-module-emso-azores-observatory/,Compilation of image annotations and environmental data of 7 years of monitoring of hydrothermal ass...,"Lien vers les données The dataset contains annotations made on screenshots of video sequences collected by the TEMPO ecological module from 2012 to 2019 at a frequency from infra-daily to 10 days (base of the Eiffel Tower hydrothermal edifice, Lucky Strike, Mid-Atlantic Ridge, depth of 1695m). A long-term monitoring of the vent fauna dynamics was achieved with the files provided in this DOI that includes: - Annotations of the substratum and of the vent fauna (Bathymodiolus azoricus vent mussel) and microbial mats with polygons; - Annotations of the crab Segonzacia mesatlantica within images; - Count of unidentified zoanthids (manual and automatic; codes are provided). Long-term monitoring of the vent habitat dynamics was made with the following environmental measurements also provided in the DOI: - Yearly measurements made with the CHEMINI and temperatures probes of the underwater vehicle since MoMARSAT2014 - Positions and temperatures measured by iButton® probe in the TEMPO images - Linear regression-based modeling of the vent fluid dilution gradient in order to interpolate the iButton® temperatures over the full set of images The dataset is accompanied with rasters allowing spatio-temporal continuity of the data by masking the portions of the images that do not overlap throughout the image time series. The dataset is also accompanied with a read me to describe the structure of each data.",Segonzacia mesatlantica,https://www.gbif.org/species/4377419
https://pndb.opendatasoft.com/explore/assets/composition-and-abundance-of-fish-assemblages-across-yonge-reef-northern-great-barrier-reef-australia-in-1990/,"Composition and abundance of fish assemblages across Yonge Reef, northern Great Barrier Reef, Austra...","Lien vers les données This dataset gathers the names of 325 species of fish as well as their trophic category (8), habitat (9), abundance category (6) and minimum abundance (minimum number of individuals recorded per species and replicate), observed in 1990 across Yonge Reef (14°35’S latitude and 145°37’E longitude), an outer-shelf reef located in the northern part of the Great Barrier Reef, Australia. Underwater visual censuses (45 to 60 min) were performed in the nine habitats distinguished from the windward outer side to the leeward lagoon side, between 0.5 and 30 m deep. This dataset is a witness of the specific and trophic structure of fish assemblages across Yonge Reef in 1990 and will serve as a baseline for studies on the impacts of climate change on coral reef fish composition and functioning. Fig : Map of the study reef, Yonge Reef, in outer-shelf position on the northern Great Barrier Reef List of variables Country = Name of country Reef = Name of the reef studied on the Great Barrier Reef Date = Date of observation Zone = Name of the geomophological zone of the reef (Outer slope, Reef flat, Inner slope) Site = Location of observation on the reef Depth Min (m) = Minimum depth of observation (m) Depth Max (m) = Maximum depth of observation (m) Habitat category = Category of habitats (9) Code Habitat = Code of habitat category (AGR = Acropora grandis zone; IPA = Isopora palifera zone; BOZ = Boulder zone; BRF = Back reef flat margin; DLS = Deep lagoon slope; DOS = Deep outer slope; ORF = Outer reef flat; SLS = Shallow lagoon slope; SOS = Shallow outer slope) Code Replicate = Initial numbering of observation replicate Fish family = Latin name of fish family or subfamily (Scaridae was kept as a family for simplicity following FishBase (2024) and not included in Labridae as the tribe Scarini as proposed by Hughes et al. (2023) Fish species = Latin name of genus and species of the fish recorded Trophic category (8) = code of diet category of the fish species (COR = Corallivores; CRU = Crustacivores; HMD = Herbivores, Microvores &amp; Detritivores; IMA = Macroinvertivores; IMI = Microinvertivores; ISE = Sessiles Invertivores; PIS = Piscivores; PLK = Planktivores) (following Parravicini et al., 2020) Code Abundance (6) = Code of abundance category (1 = 1 individual; 2 = 2 - 5 individuals; 3 = 6 - 25 individuals; 4 = 26 - 125 individuals; 5 = 126 - 625 individuals; 6 = 626 - 3250 individuals) Min Abundance = Minimum number of individuals recorded per species in each abundance category References https://www.FishBase.org (2024) Hughes L.C., Nash C.M., White W.T., Westneat M.W. (2023) Concordance and discordance in the phylogenomics of the wrasses and parrotfishes (Teleostei: Labridae). Systematic Biology, 72: 530-543. Parravicini V., Casey J.M., Schiettekatte N.M.D., Brandl S.J., Pozas-Schacre C., Carlot J., Edgar G.J., Graham N.A.J., Harmelin-Vivien M., Kulbicki M., Strona G., Stuart-Smith R.D. (2020) Delineating reef fish trophic guilds with global gut content data synthesis and phylogeny. PloS Biology, 18(12): e3000702.","Acropora grandis, Isopora palifera","https://www.gbif.org/species/5184612, https://www.gbif.org/species/5784820"
https://pndb.opendatasoft.com/explore/assets/consequences-de-lintensification-agricole-sur-labondance-de-deux-rapaces-diurnes-la-buse-variable-et-le-faucon-crecerelle-2004-a-2006/,Conséquences de l’intensification agricole sur l’abondance de deux rapaces diurnes : la buse variabl...,"Lien vers les données Conséquences de l’intensification agricole sur l’abondance de deux rapaces diurnes : la buse variable et le faucon crécerelle (2004 à 2006): Suivi par méthode IPA et IKA de l’abondance de deux espèces de rapaces diurnes dans 3 contextes paysagers contrastés ZAA et polders de la Baie du Mont st Michel Suivi IPA-IKA permanent tous les deux mois depuis décembre 2004 (suivi mensuel au cours de l’année 2005) Butet, A., Michel, N., Rantier Y., Comor, V., Hubert-Moy, L., Nabucet, J., Delettre, Y. 2010. Responses of Common Buzzard (Buteo buteo) and Eurasian Kestrel (Falco tinnunculus) to land use changes in agricultural landscapes of Western France. Agriculture, Ecosystems and Environment, 138: 152-159. Programme national ANR-ECCO (CNRS INSU) « Dynamique des paysages et interactions proies-prédateurs (petits mammifères, rapaces). Conséquences de l’intensification agricole sur l’architecture des réseaux trophiques et les transferts de biomasse.","Buteo buteo, Buteo buteo, Falco tinnunculus, Falco tinnunculus","https://www.gbif.org/species/2480537, https://www.gbif.org/species/2480537, https://www.gbif.org/species/9616058, https://www.gbif.org/species/9616058"
https://pndb.opendatasoft.com/explore/assets/couche-des-herbiers-de-zostera-noltii-du-bassin-darcachon-2008/,Couche des herbiers de Zostera noltii du bassin d'Arcachon 2008,"Lien vers les données Carte de l'emprise maximale de l'herbier de Zostera noltti du bassin d'Arcachon acquise en 2007-2008, dans le cadre du contrôle de surveillance de la DCE. Financement AEAG et Ifremer.",Zostera noltti,https://www.gbif.org/species/2863938
https://pndb.opendatasoft.com/explore/assets/d13c-and-d15n-stable-isotope-compositions-of-the-whisker-of-24-harbour-seals-phoca-vitulina-and-12-grey-seals-halichoerus-grypus-captured-in-the-baie-de-somme-france-in-2019-and-in-2022-for-telemetry-tracking/,δ13C and δ15N stable isotope compositions of the whisker of 24 harbour seals (Phoca vitulina) and 12...,"Lien vers les données δ13C and δ15N stable isotopes values were measured along the whiskers of 24 harbour seals (Phoca vitulina) and 12 grey seals (Halichoerus grypus) captured in the baie de Somme, France, to be fitted with GPS/GSM tags (15 harbour seals and 12 grey seals captured in May and October 2019 ; telemetry tracking data of these individuals are available on https://doi.org/10.17882/89715) and with DTags (9 harbour seals captured in May 2022). The present data are complementary to those obtained previously on 8 harbour seals and 10 grey seals captured in 2008 and in 2012 in the baie de Somme (data available on https://doi.org/10.17882/76528 ; data published as part of Planque et al. (2021), https://doi.org/10.1002/ece3.7739, and Planque (2021), http://dx.doi.org/10.13140/RG.2.2.35986.12480). Seal whiskers provided a temporal integration of isotope compositions during the period of whisker growth, i.e. during months prior to sampling. All whisker segments were analysed with an elemental analyser (Flash 2000, Thermo Scientific, Milan, Italy) coupled to an isotope-ratio mass spectrometer (Delta V Plus with a Conflo IV interface, Thermo Scientific, Bremen, Germany). Isotope compositions are expressed with the usual δ notation in parts per thousands (‰) relative to Vienna PeeDee Belemnite Standard for δ13C and atmospheric N2 for δ15N. Based on replicate measurements of internal laboratory standards, analytical precision is &lt; 0.15 ‰ for both δ13C and δ15N.","Halichoerus grypus, Phoca vitulina","https://www.gbif.org/species/2434806, https://www.gbif.org/species/2434793"
https://pndb.opendatasoft.com/explore/assets/dart-sequencing-files-for-swordfish-in-the-indian-ocean/,DArT sequencing files for Swordfish in the Indian Ocean,Lien vers les données The swordfish (Xiphias gladius) is of special economic importance in the Indian Ocean. Using DArT sequencing we investigated the structure of the swordfish population in the Indian Ocean.,Xiphias gladius,https://www.gbif.org/species/2397850
https://pndb.opendatasoft.com/explore/assets/data-for-reviewing-seas-of-data-integrating-image-based-bio-logging-and-artificial-intelligence-to-enhance-marine-conservation/,"Data for ""Reviewing Seas of Data: Integrating Image-Based Bio-logging and Artificial Intelligence to...","Lien vers les données This dataset contains data and Python codes associated to the manuscript: Reviewing Seas of Data: Integrating Image-Based Bio-logging and Artificial Intelligence to Enhance Marine Conservation. Data: Underwater images and sample video collected from Adélie penguins (Pygoscelis adeliae) at the colony on Ile des Pétrels, at the Dumont d’Urville station, in Terre Adélie, East Antarctica (66°40′ S; 140°01′ E), over the 2017-2018 breeding season. Birds were equipped with video loggers (Little Leonardo, DVL400M, 61 mm × 21 mm × 15 mm, 29g) during the chick guarding stage, in which one parent guards the chicks on the nest while the other is foraging at sea to bring food back to its offspring. Only one member of a pair was captured on or when leaving the nest, when both adults were attending the nest before/during a changeover. The data collection is part of the ongoing long-term monitoring program of Adélie penguins (IPEV program 1091 l'AMMER, See-Life). Video loggers were set to start recording approximately ten hours after deployment, to maximise the chance to record underwater behaviours. After data recording started, video data were recorded for three hours at a resolution of 30 fps (frames per second). Video data were collected to quantify behaviours of Adélie penguins during foraging. Both sample images and video provide snapshots of what video loggers record (e.g. individual prey capture events, interaction with krill swarms, interaction with co-specifics, swimming). The dataset can be manipulated and analysed with the provided Python code. The ""How_To_Image_Based_bio-logging"" is in both ipynb (jupyter notebook) and pdf format. Please, read also the Read Me file included in this dataset.",Pygoscelis adeliae,https://www.gbif.org/species/2481663
https://pndb.opendatasoft.com/explore/assets/data-from-a-rhizotron-experiment-using-three-mediterranean-species/,Data from a rhizotron experiment using three Mediterranean species,"Lien vers les données Data from a rhizotron experiment using three Mediterranean species (Brachypodium retusum, Cistus albidus and Quercus coccifera): two individuals eirher of the same species or of two diifferent species were grown together. The data are about root parameters (RB: root biomass; RE: root elongation rate; SRL: specific root length; RTD: root tissue density; RTh: root thickness; RD: root density; Diam: root diameter) and soil microbial MicroResp™ parameters, mesured for different plant combination, drought treatments and soil depths. (2022)","Brachypodium retusum, Cistus albidus, Quercus coccifera","https://www.gbif.org/species/5676053, https://www.gbif.org/species/7331435, https://www.gbif.org/species/2879175"
https://pndb.opendatasoft.com/explore/assets/data-from-the-article-experimental-evidence-of-early-costs-of-reproduction-in-conspecific-viviparous-and-oviparous-lizards/,Data from the article: Experimental evidence of early costs of reproduction in conspecific viviparou...,"Lien vers les données Reproduction entails costs, and disentangling the relative importance of each stage of the reproductive cycle may be important to assess the costs and benefits of different reproductive strategies. We studied the early costs of reproduction in oviparous and viviparous lizard females of the bimodal reproductive species Zootoca vivipara. Egg-retention time in oviparous females is approximately one third of the time in viviparous females. We compared the vitellogenesis and egg-retention stages which are common to both reproductive modes. Precisely, we monitored the thermoregulatory behaviour, the weight gain and the immunocompetence of the females. Moreover, we injected an antigen in half of the females (immune challenge) to study the trade-offs between reproductive mode and immune performance, and between different components of the immune system. Finally, we experimentally induced parturition in viviparous females at the time of egg-laying in oviparous females. Oviparous and viviparous females did not show strong differences in response to the immune challenge. However, viviparous females spent more time thermoregulating while partially hidden and gained more weight than oviparous females. The greater weight gain indicates that the initial period of egg-retention is less costly for viviparous than for oviparous females or that viviparous females are able to save and accumulate energy at this period. This energy may be used by viviparous females to cope with the subsequent costs of the last two thirds of the gestation. Such an ability to compensate the higher costs of a longer egg-retention period may account for the frequent evolution of viviparity in squamate reptiles.",Zootoca vivipara,https://www.gbif.org/species/9702100
https://pndb.opendatasoft.com/explore/assets/data-processing-and-statistical-analysis-of-the-metabolic-profiles-of-diatom-phaeodactylum-tricornutum/,Data processing and statistical analysis of the metabolic profiles of diatom Phaeodactylum tricornut...,"Lien vers les données Microalgae have evolved to face abiotic stresses by accumulating energy storage molecules such as lipids, which are also of interest for industries. A multidisciplinary approach was used to study the mechanisms involved in the transition from nitrogen-replete to nitrogen starvation conditions in the marine diatom. Metabolomic analysis resulted in the detection of 4267 compounds ranging from 0.1 and 2.8 kDa in size. In order to reduce the number of compounds to elucidate, the change in compound detected quantity was compared to the change in transcript abundance during the time course of the experiment. As a preliminary step, only compounds and transcripts which change in abundance compared to the control conditions are significant at least on a timepoint were retained. After this first screening, each compound pattern has been compared with each gene. In order to be as stringent as possible, only the combinations which display a significant direct correlation (|slope|=1, from 0.95 to 1.05; p&gt;0.05). The results shown 419 compound-gene combinations which include115 compounds. The 115 compounds were kept for further analyses and elucidation.","Phaeodactylum tricornutum, Phaeodactylum tricornutum","https://www.gbif.org/species/7716676, https://www.gbif.org/species/7716676"
https://pndb.opendatasoft.com/explore/assets/data-processing-and-statistical-analysis-of-the-metabolic-profiles-of-haslea-ostrearia/,Data processing and statistical analysis of the metabolic profiles of Haslea ostrearia,"Lien vers les données Metabolome of of the marine diatom Haslea ostrearia. Bacteria were isolated from Haslea ostrearia isolates cultivated in ES 1/3 medium in laboratory conditions over a 3-month period. These microalgal isolates were recovered from four sites on the French Atlantic coast: Bouin , La Barre-de-Monts (46.90 N; 2.11°W), Isle de Ré (46.22 N; 1.45°W), and La Tremblade (45.80 N; 1.15°W) . Data processing and statistical analysis of the metabolic profiles were performed on an LC/MS Metabolomics Discovery Workflow using Mass Profiler Professional Software and an Agilent 1290 Infinity II LC system coupled to an Agilent 6540 UHD Accurate-Mass QTOF hybrid mass spectrometer (Agilent Technologies, Waldbronn, Germany) equipped with a dual electrospray ionization (ESI) source. The full history (tools, parameters, input and output data files) is publicly available on http://dx.doi.org/10.12770/046e1e6a-864e-48a6-944b-d8613d67de0f",Haslea ostrearia,https://www.gbif.org/species/7996358
https://pndb.opendatasoft.com/explore/assets/database-of-sea-fans-spatial-distribution-in-the-northwestern-mediterranean-sea/,Database of sea fans spatial distribution in the northwestern Mediterranean sea,"Lien vers les données Sea fans (order : Alcyonacea) are the most remarkable and easily identifiable species of the subtidal hard substrate communities (Gili and Ros, 1985). From an ecological point of view, sea fans play an essential role (Gili and Coma, 1998) by increasing the biomass and the diversity of hard substrates (Mitchell et al, 1992; Ballesteros, 2006) via an umbrella species role providing habitat for small epifauna and a refuge for many fish (Ross and Quatrini, 2007). When their density is high enough, they form animal forests (sensu Rossi et al 2017) and become engineering species by modifying the level of turbulence and therefore of sedimentation of propagules in the benthic boundary layer (Chamberlain and Graus, 1975). In the shallow rocky habitats of the Mediterranean, five species of sea fans dominate: the white gorgonian Eunicella singularis (Esper, 1791), the orange gorgonian Leptogorgia sarmentosa (Esper, 1789), the yellow gorgonian Eunicella cavolinii (Koch, 1887), the red gorgonian Paramuricea clavata (Risso, 1826), and the red coral Corallium rubrum (Linnaeus, 1758). Some of these species, characterized by long life span, have been included in the management plans of the Gulf of Lion Marine Protected Areas, with surveys for the monitoring of the demographic structure of E. Singularis (Réserve Naturelle Marine de Cerbère-Banyuls, Aire Marine Protégée Agathoise) and C. rubrum (Réserve Naturelle Marine de Cerbère-Banyuls, Parc Marin de la Côte Bleue). In parallel with these management-related surveys, some scientific studies on the demographic structure and ecology of P. clavata, E. singularis and C. rubrum, with the aim of documenting mass mortality events (Cerrano et al. al., 2000, Garrabou et al., 2001) have been undertaken in the Parc Marin de la Côte Bleue, in the Parc National de Port-Cros, along the Côte Vermeille and Cap de Creus coast and in the Cinque Terre National Park (Garrabou and Harmelin, 2002, Torrents et al., 2005 ; Linares et al. 2008 Linares et al., 2010 ; Santangelo et al., 2011; Gori et al., 2011a ; Gori et al. 2011b; Rossi et al., 2008). The present database gathers two extensive inventory of sea fans populations performed between 2013 and 2015 in the Gulf of Lion and between 2018 and 2019 in the Ligurian Sea. The same protocol was applied to estimate the population density of the five species in 585 stations. The 585 stations were defined a priori on a regular mesh mapping the main hard-bottom substrate units of the Gulf of Lion (Côte Bleue, Plateau des Aresquiers, Plateau du Cap d'Agde, Cap Leucate, Côte Vermeille), and surrounding the ports of Toulon, La Spezia and Bastia (Figure 1). The spacing between stations was varied from 100m to 800 m according to bathymetry steepness. Each station was geo-referenced from the surface and located on the sea bed with a mooring. Counts of individuals of the five species were made by scuba divers trained to species identification in four quadrats (1m x 1m), positionned at 5 m from the mooring along the sea bed, in the four cardinal directions. In total, the sampling required 1500 dives. References Ballesteros E. 2006. Mediterranean coralligenous assemblages: a synthesis of present knowledge Oceanography and Marine Biology: An Annual Review 44, 123-195 Carpine C, Grasshoff M. 1975. Les gorgonaires de la Mediterranee. Bull Inst Oceanogr Monaco 71:1–140 Cerrano, C., Bavestrello G., Bianchi C.N., Cattaneo R. Vietti, S. Bava, C. Morganti, C. Morri, P. Picco, G. Sara S. Schiaparelli S. Siccardi A. &amp; Sponga, F. 2000. A catastrophic mass-mortality episode of gorgonians and other organisms in the Ligurian Sea (Northwestern Mediterranean), summer 1999. Ecology Letters 3: 284–293. Chamberlain J.J. A., Graus, R.R. 1975. Water Flow and Hydromechanical Adaptations of Branched Reef Corals. : Bulletin of Marine Science 25 (1): 112-125 Garrabou J., Perez T., Sartoretto S., Harmelin J.G., 2001. Mass mortality event in red coral Corallium rubrum populations in the Provence region (France, NW Mediterranean). Mar Ecol Prog Ser 217:263–272 Garrabou J., Harmelin G. 2002. A 20-year study on life-history traits of a harvested long-lived temperate coral in the NW Mediterranean: insights into conservation and management needs. J Anim Ecol 71:966–978 Gili, J.M., &amp; Ros, J. 1985. Study and cartography of the benthic communities of the Medes Islands (NE Spain). Marine Ecology 6, 219–238. Gili J.M. and Coma R. 1998. Benthic suspension feeders: their paramount role in littoral marine substrates. TREE 13 (8): 316-321 Gori, A., Rossi, S., Linares, C., Berganzo, E., Orejas, C., Dale, M. &amp; Gili, J.M. 2011a. Size and spatial structure in deep versus shallow populations of the Mediterranean gorgonian Eunicella singularis (Cap de Creus, Northwestern Mediterranean Sea)” Marine Biology, DOI: 10.1007/s00227-011-1686-7 Gori A., Rossi S., Berganzo E., Pretus J.L., Dale M.R.T., Gili J.M. 2011b. Spatial distribution patterns of the gorgonians Eunicella singularis, Paramuricea clavata and Leptogorgia sarmentosa (Cape of Creus, Northwestern Mediterranean Sea). Mar Biol 158:143-158 Linares C, Coma R, Garrabou J, Diaz D, Zabala M. 2008. Size distribution, density and disturbance in two Mediterranean gorgonians: Paramuricea clavata and Eunicella singularis. J Appl Ecol 45:688–699 Linares C., Bianchimani O., Torrents O., Marschal C., Drap P., Garrabou J., 2010. Marine Protected Areas and the conservation of long-lived marine invertebrates : the Mediterranean red coral. Marine Ecology Progress Series 402: 69-79. Mitchell, N. D., Dardeau, M. R., Schroeder,W. W., Benke, A. C. 1992. Secondary production of gorgonian corals in the northern Gulf of Mexico. Mar Ecol. Prog. Ser. 87: 275-281 Ross S., Quattrini A. 2007. The fish fauna associated with deep coral banks off the southeastern United States. Deep Sea Research I (54): 975-1007. Rossi S, Bramanti L, Gori A, Orejas C. 2017. An Overview of the Animal Forests of the World. In book: Marine Animal Forests, pp.1-26. SPRINGER.[DOI: 10.1007/978-3-319-17001-5_1-1] Santangelo G., Bramanti L., Rossi S., Tsounis G., Vielmini I., Lott C., Gili J.M. 2011. Spatial patterns of variation in recruitment and post-recruitment processes of the Mediterranean precious gorgonian coral Corallium rubrum. Journal of Experimental Marine Biology and Ecology. DOI: 10.1016/j.jembe.2011.10.030 Torrents O., Garrabou J., Marshal C., Harmelin J.G., 2005. Age and size at first reproduction in the commercially exploited red coral Corallium rubrum (L.) in the Marseilles area (France, NW Mediterranean). Biol Conserv 121: 391–397 Rossi S., Tsounis G., Orejas C., Padrón T., Gili J.M., Bramanti L., Teixidó N. and Gutt J. 2008. Survey of deep-dwelling red coral (Corallium rubrum ) populations at Cap de Creus (NW Mediterranean). Marine Biology 154 (3): 533-545.","Corallium rubrum, Eunicella cavolinii, Eunicella singularis, Leptogorgia sarmentosa, Paramuricea clavata","https://www.gbif.org/species/5185014, https://www.gbif.org/species/2263962, https://www.gbif.org/species/2263955, https://www.gbif.org/species/2264082, https://www.gbif.org/species/2261251"
https://pndb.opendatasoft.com/explore/assets/dcsmm2018-d8c2-etat-et-tendance-de-limposex-chez-la-nucelle-nucella-lapilus-sur-lensemble-de-la-facade-atlantique-sur-la-periode-2002-2014/,DCSMM2018 - D8C2 - Etat et tendance de l'Imposex chez la nucelle Nucella lapilus sur l'ensemble de l...,"Lien vers les données Les effets des contaminants sur la santé des espèces et l’état des habitats constituent l’un des critères de définition du descripteur sur les contaminants dans le milieu de la DCSMM (D8C2). Un des indicateurs retenus pour évaluer l’atteinte du bon état écologique pour ce critère est le suivi de l’Imposex chez la nucelle (Nucella lapillus), qui est un indicateur d’exposition au TBT. Cet indicateur est évalué à l’échelle de la station pour l’unité marine de rapportage « eaux côtières », sur la façade Atlantique (ce qui exclue la sous-région marine Méditerranée Occidentale), pour la période 2002 -2014. Dans la sous-région marine Manche – Mer du Nord, 59% des stations sont en bonne état écologique, 35% dans la sous-région marine Mer Celtique et 25% dans la sous-région marine Golfe de Gascogne.","Nucella lapillus, Nucella lapilus","https://www.gbif.org/species/5193449, https://www.gbif.org/species/5193449"
https://pndb.opendatasoft.com/explore/assets/dcsmm2018-om-d1c4-repartition-spatiale-des-oiseaux-en-mer-fou-de-bassan-morus-bassanus-2011-2012/,"DCSMM2018 - OM - D1C4 - Répartition spatiale des oiseaux en mer (""Fou de Bassan - Morus bassanus"", 2...","Lien vers les données La répartition spatiale constitue l’un des critères de définition du bon état écologique pour la composante ""oiseaux marins"" du descripteur 1 relatif à la biodiversité dans le cadre de la DCSMM (D1C4). Le bon état écologique des oiseaux marins est atteint lorsque la diversité biologique de cette composante écosystémique est conservée. Pour cela, l’aire de répartition des espèces doit être conforme aux conditions physiographiques, géographiques et climatiques dominantes. Les cartes de répartition spatiale des oiseaux en mer ont été obtenues à partir des données des campagnes aériennes SAMM et constituent l’état des lieux actuel qui servira de base de référence pour les comparaison avec les prochaines campagnes aériennes. Les unités géographiques d’évaluation sont les sous-régions marines de la DCSMM. Les groupes d’espèces utilisés pour l’évaluation sont ceux énumérés au tableau 2 « Groupes d’espèces d’oiseaux marins » (décision 2017/848/UE). Les données sont présentées sous forme de fichiers géoréférencés de type tiff.",Morus bassanus,https://www.gbif.org/species/2480964
https://pndb.opendatasoft.com/explore/assets/dcsmm2018-om-d1c4-repartition-spatiale-des-oiseaux-en-mer-goelands-noirs-larus-marinus-2011-2012/,"DCSMM2018 - OM - D1C4 - Répartition spatiale des oiseaux en mer (""Goélands noirs - Larus marinus"", 2...","Lien vers les données La répartition spatiale constitue l’un des critères de définition du bon état écologique pour la composante ""oiseaux marins"" du descripteur 1 relatif à la biodiversité dans le cadre de la DCSMM (D1C4). Le bon état écologique des oiseaux marins est atteint lorsque la diversité biologique de cette composante écosystémique est conservée. Pour cela, l’aire de répartition des espèces doit être conforme aux conditions physiographiques, géographiques et climatiques dominantes. Les cartes de répartition spatiale des oiseaux en mer ont été obtenues à partir des données des campagnes aériennes SAMM et constituent l’état des lieux actuel qui servira de base de référence pour les comparaison avec les prochaines campagnes aériennes. Les unités géographiques d’évaluation sont les sous-régions marines de la DCSMM. Les groupes d’espèces utilisés pour l’évaluation sont ceux énumérés au tableau 2 « Groupes d’espèces d’oiseaux marins » (décision 2017/848/UE). Les données sont présentées sous forme de fichiers géoréférencés de type tiff.","Larus marinus, Larus marinus","https://www.gbif.org/species/2481172, https://www.gbif.org/species/2481172"
https://pndb.opendatasoft.com/explore/assets/dcsmm2018-om-d1c4-repartition-spatiale-des-oiseaux-en-mer-grands-labbes-catharacta-skua-2011-2012/,"DCSMM2018 - OM - D1C4 - Répartition spatiale des oiseaux en mer (""Grands labbes - Catharacta skua"", ...","Lien vers les données La répartition spatiale constitue l’un des critères de définition du bon état écologique pour la composante ""oiseaux marins"" du descripteur 1 relatif à la biodiversité dans le cadre de la DCSMM (D1C4). Le bon état écologique des oiseaux marins est atteint lorsque la diversité biologique de cette composante écosystémique est conservée. Pour cela, l’aire de répartition des espèces doit être conforme aux conditions physiographiques, géographiques et climatiques dominantes. Les cartes de répartition spatiale des oiseaux en mer ont été obtenues à partir des données des campagnes aériennes SAMM et constituent l’état des lieux actuel qui servira de base de référence pour les comparaison avec les prochaines campagnes aériennes. Les unités géographiques d’évaluation sont les sous-régions marines de la DCSMM. Les groupes d’espèces utilisés pour l’évaluation sont ceux énumérés au tableau 2 « Groupes d’espèces d’oiseaux marins » (décision 2017/848/UE). Les données sont présentées sous forme de fichiers géoréférencés de type tiff.",Catharacta skua,https://www.gbif.org/species/8308855
https://pndb.opendatasoft.com/explore/assets/dcsmm2018-om-d1c4-repartition-spatiale-des-oiseaux-en-mer-grands-puffins-puffinus-gravis-puffinus-griseus-2012/,"DCSMM2018 - OM - D1C4 - Répartition spatiale des oiseaux en mer (""Grands puffins - Puffinus gravis &...","Lien vers les données La répartition spatiale constitue l’un des critères de définition du bon état écologique pour la composante ""oiseaux marins"" du descripteur 1 relatif à la biodiversité dans le cadre de la DCSMM (D1C4). Le bon état écologique des oiseaux marins est atteint lorsque la diversité biologique de cette composante écosystémique est conservée. Pour cela, l’aire de répartition des espèces doit être conforme aux conditions physiographiques, géographiques et climatiques dominantes. Les cartes de répartition spatiale des oiseaux en mer ont été obtenues à partir des données des campagnes aériennes SAMM et constituent l’état des lieux actuel qui servira de base de référence pour les comparaison avec les prochaines campagnes aériennes. Les unités géographiques d’évaluation sont les sous-régions marines de la DCSMM. Les groupes d’espèces utilisés pour l’évaluation sont ceux énumérés au tableau 2 « Groupes d’espèces d’oiseaux marins » (décision 2017/848/UE). Les données sont présentées sous forme de fichiers géoréférencés de type tiff.","Puffinus gravis, Puffinus griseus","https://www.gbif.org/species/5229343, https://www.gbif.org/species/5739277"
https://pndb.opendatasoft.com/explore/assets/dcsmm2018-om-d1c4-repartition-spatiale-des-oiseaux-en-mer-mouettes-larus-minutus-2011/,"DCSMM2018 - OM - D1C4 - Répartition spatiale des oiseaux en mer (""Mouettes - Larus minutus"", 2011)","Lien vers les données La répartition spatiale constitue l’un des critères de définition du bon état écologique pour la composante ""oiseaux marins"" du descripteur 1 relatif à la biodiversité dans le cadre de la DCSMM (D1C4). Le bon état écologique des oiseaux marins est atteint lorsque la diversité biologique de cette composante écosystémique est conservée. Pour cela, l’aire de répartition des espèces doit être conforme aux conditions physiographiques, géographiques et climatiques dominantes. Les cartes de répartition spatiale des oiseaux en mer ont été obtenues à partir des données des campagnes aériennes SAMM et constituent l’état des lieux actuel qui servira de base de référence pour les comparaison avec les prochaines campagnes aériennes. Les unités géographiques d’évaluation sont les sous-régions marines de la DCSMM. Les groupes d’espèces utilisés pour l’évaluation sont ceux énumérés au tableau 2 « Groupes d’espèces d’oiseaux marins » (décision 2017/848/UE). Les données sont présentées sous forme de fichiers géoréférencés de type tiff.","Larus minutus, Larus minutus","https://www.gbif.org/species/2481143, https://www.gbif.org/species/2481143"
https://pndb.opendatasoft.com/explore/assets/dcsmm2018-om-d1c4-repartition-spatiale-des-oiseaux-en-mer-mouettes-larus-ridibundus-2011/,"DCSMM2018 - OM - D1C4 - Répartition spatiale des oiseaux en mer (""Mouettes - Larus ridibundus"", 2011...","Lien vers les données La répartition spatiale constitue l’un des critères de définition du bon état écologique pour la composante ""oiseaux marins"" du descripteur 1 relatif à la biodiversité dans le cadre de la DCSMM (D1C4). Le bon état écologique des oiseaux marins est atteint lorsque la diversité biologique de cette composante écosystémique est conservée. Pour cela, l’aire de répartition des espèces doit être conforme aux conditions physiographiques, géographiques et climatiques dominantes. Les cartes de répartition spatiale des oiseaux en mer ont été obtenues à partir des données des campagnes aériennes SAMM et constituent l’état des lieux actuel qui servira de base de référence pour les comparaison avec les prochaines campagnes aériennes. Les unités géographiques d’évaluation sont les sous-régions marines de la DCSMM. Les groupes d’espèces utilisés pour l’évaluation sont ceux énumérés au tableau 2 « Groupes d’espèces d’oiseaux marins » (décision 2017/848/UE). Les données sont présentées sous forme de fichiers géoréférencés de type tiff.",Larus ridibundus,https://www.gbif.org/species/2481137
https://pndb.opendatasoft.com/explore/assets/dcsmm2018-om-d1c4-repartition-spatiale-des-oiseaux-en-mer-petits-goelands-gris-larus-canus-2011/,"DCSMM2018 - OM - D1C4 - Répartition spatiale des oiseaux en mer (""Petits goélands gris - Larus canus...","Lien vers les données La répartition spatiale constitue l’un des critères de définition du bon état écologique pour la composante ""oiseaux marins"" du descripteur 1 relatif à la biodiversité dans le cadre de la DCSMM (D1C4). Le bon état écologique des oiseaux marins est atteint lorsque la diversité biologique de cette composante écosystémique est conservée. Pour cela, l’aire de répartition des espèces doit être conforme aux conditions physiographiques, géographiques et climatiques dominantes. Les cartes de répartition spatiale des oiseaux en mer ont été obtenues à partir des données des campagnes aériennes SAMM et constituent l’état des lieux actuel qui servira de base de référence pour les comparaison avec les prochaines campagnes aériennes. Les unités géographiques d’évaluation sont les sous-régions marines de la DCSMM. Les groupes d’espèces utilisés pour l’évaluation sont ceux énumérés au tableau 2 « Groupes d’espèces d’oiseaux marins » (décision 2017/848/UE). Les données sont présentées sous forme de fichiers géoréférencés de type tiff.","Larus canus, Larus canus","https://www.gbif.org/species/7982160, https://www.gbif.org/species/7982160"
https://pndb.opendatasoft.com/explore/assets/dcsmm2018-om-d1c4-repartition-spatiale-des-oiseaux-en-mer-petits-puffins-puffinus-yelkouan-puffinus-mauretanicus-2011-2012/,"DCSMM2018 - OM - D1C4 - Répartition spatiale des oiseaux en mer (""Petits puffins - Puffinus yelkouan...","Lien vers les données La répartition spatiale constitue l’un des critères de définition du bon état écologique pour la composante ""oiseaux marins"" du descripteur 1 relatif à la biodiversité dans le cadre de la DCSMM (D1C4). Le bon état écologique des oiseaux marins est atteint lorsque la diversité biologique de cette composante écosystémique est conservée. Pour cela, l’aire de répartition des espèces doit être conforme aux conditions physiographiques, géographiques et climatiques dominantes. Les cartes de répartition spatiale des oiseaux en mer ont été obtenues à partir des données des campagnes aériennes SAMM et constituent l’état des lieux actuel qui servira de base de référence pour les comparaison avec les prochaines campagnes aériennes. Les unités géographiques d’évaluation sont les sous-régions marines de la DCSMM. Les groupes d’espèces utilisés pour l’évaluation sont ceux énumérés au tableau 2 « Groupes d’espèces d’oiseaux marins » (décision 2017/848/UE). Les données sont présentées sous forme de fichiers géoréférencés de type tiff.","Puffinus mauretanicus, Puffinus yelkouan","https://www.gbif.org/species/5229360, https://www.gbif.org/species/5229377"
https://pndb.opendatasoft.com/explore/assets/dcsmm2018-om-d1c4-repartition-spatiale-des-oiseaux-en-mer-plongeons-indetermines-gavia-stellata-gavia-arctica-givia-immer-2011/,"DCSMM2018 - OM - D1C4 - Répartition spatiale des oiseaux en mer (""Plongeons indéterminés - Gavia ste...","Lien vers les données La répartition spatiale constitue l’un des critères de définition du bon état écologique pour la composante ""oiseaux marins"" du descripteur 1 relatif à la biodiversité dans le cadre de la DCSMM (D1C4). Le bon état écologique des oiseaux marins est atteint lorsque la diversité biologique de cette composante écosystémique est conservée. Pour cela, l’aire de répartition des espèces doit être conforme aux conditions physiographiques, géographiques et climatiques dominantes. Les cartes de répartition spatiale des oiseaux en mer ont été obtenues à partir des données des campagnes aériennes SAMM et constituent l’état des lieux actuel qui servira de base de référence pour les comparaison avec les prochaines campagnes aériennes. Les unités géographiques d’évaluation sont les sous-régions marines de la DCSMM. Les groupes d’espèces utilisés pour l’évaluation sont ceux énumérés au tableau 2 « Groupes d’espèces d’oiseaux marins » (décision 2017/848/UE). Les données sont présentées sous forme de fichiers géoréférencés de type tiff.","Gavia arctica, Gavia stellata, Givia immer","https://www.gbif.org/species/2481959, https://www.gbif.org/species/2481958, https://www.gbif.org/species/2481962"
https://pndb.opendatasoft.com/explore/assets/dcsmm2018-om-d1c4-repartition-spatiale-des-oiseaux-en-mer-sternes-moyennes-sterna-hirundo-sterna-paradisaea-2012/,"DCSMM2018 - OM- D1C4 - Répartition spatiale des oiseaux en mer (""Sternes moyennes - Sterna hirundo &...","Lien vers les données La répartition spatiale constitue l’un des critères de définition du bon état écologique pour la composante ""oiseaux marins"" du descripteur 1 relatif à la biodiversité dans le cadre de la DCSMM (D1C4). Le bon état écologique des oiseaux marins est atteint lorsque la diversité biologique de cette composante écosystémique est conservée. Pour cela, l’aire de répartition des espèces doit être conforme aux conditions physiographiques, géographiques et climatiques dominantes. Les cartes de répartition spatiale des oiseaux en mer ont été obtenues à partir des données des campagnes aériennes SAMM et constituent l’état des lieux actuel qui servira de base de référence pour les comparaison avec les prochaines campagnes aériennes. Les unités géographiques d’évaluation sont les sous-régions marines de la DCSMM. Les groupes d’espèces utilisés pour l’évaluation sont ceux énumérés au tableau 2 « Groupes d’espèces d’oiseaux marins » (décision 2017/848/UE). Les données sont présentées sous forme de fichiers géoréférencés de type tiff.","Sterna hirundo, Sterna paradisaea","https://www.gbif.org/species/9367409, https://www.gbif.org/species/5229230"
https://pndb.opendatasoft.com/explore/assets/dcsmm2018-om-d1c4-repartition-spatiale-des-oiseaux-en-mer-sternes-sterna-sandvicensis-2012/,"DCSMM2018 - OM - D1C4 - Répartition spatiale des oiseaux en mer (""Sternes - Sterna sandvicensis"", 20...","Lien vers les données La répartition spatiale constitue l’un des critères de définition du bon état écologique pour la composante ""oiseaux marins"" du descripteur 1 relatif à la biodiversité dans le cadre de la DCSMM (D1C4). Le bon état écologique des oiseaux marins est atteint lorsque la diversité biologique de cette composante écosystémique est conservée. Pour cela, l’aire de répartition des espèces doit être conforme aux conditions physiographiques, géographiques et climatiques dominantes. Les cartes de répartition spatiale des oiseaux en mer ont été obtenues à partir des données des campagnes aériennes SAMM et constituent l’état des lieux actuel qui servira de base de référence pour les comparaison avec les prochaines campagnes aériennes. Les unités géographiques d’évaluation sont les sous-régions marines de la DCSMM. Les groupes d’espèces utilisés pour l’évaluation sont ceux énumérés au tableau 2 « Groupes d’espèces d’oiseaux marins » (décision 2017/848/UE). Les données sont présentées sous forme de fichiers géoréférencés de type tiff.","Sterna sandvicensis, Sterna sandvicensis","https://www.gbif.org/species/5229223, https://www.gbif.org/species/5229223"
https://pndb.opendatasoft.com/explore/assets/demerstock-biological-parameters-of-7-species-of-demersal-fish-in-mayotte/,DEMERSTOCK : Biological parameters of 7 species of demersal fish in Mayotte,"Lien vers les données The DEMERSTOCK project aims to provide biological data on seven species of demersal fish caught on the reefs of Mayotte, so that models can be used to assess stock status. The acquisition of data such as the size, weight, maturity stage and age of the individuals caught is essential for assessing the state of commercial fish populations and stocks. To carry out this study, the following species were selected on the basis of their importance in local fisheries: bluefin trevally (Caranx melampygus), green jobfish (Aprion virescens), rusty jobfish (Aphareus rutilans), redmouth groupper (Aethaloperca rogaa), yellow-edged lyretail (Variola louti) and two deep-water red snapper (Etelis boweni and Etelis carbunculus). The project is based on collaboration with local fishermen and fishmongers to sample the defined species.","Aethaloperca rogaa, Aphareus rutilans, Caranx melampygus, Etelis boweni, Etelis carbunculus, Variola louti","https://www.gbif.org/species/2388085, https://www.gbif.org/species/5209907, https://www.gbif.org/species/2390750, https://www.gbif.org/species/11205527, https://www.gbif.org/species/2385134, https://www.gbif.org/species/2389100"
https://pndb.opendatasoft.com/explore/assets/dendrophyllia-cornigera-scleractinia-presence-and-absence-data-reported-from-canyons-along-the-french-mediterranean-coasts-2009-2010/,Dendrophyllia cornigera (Scleractinia) presence and absence data reported from canyons along the fre...,Lien vers les données Data were extracted from videos recorded during MEDSEACAN_2009 and CORSEACAN_2010 cruises operated by Comex (Aamp funding). Underwater vehicles were either Achille ROV or Remora submersible. Video analyses were realized by Ifremer and GIS posidonie.,Dendrophyllia cornigera,https://www.gbif.org/species/2259702
https://pndb.opendatasoft.com/explore/assets/densite-annuelle-de-lespece-citharus-linguatula-au-stade-adulte-dans-le-golfe-du-lion-medits-1994-2019/,"Densité annuelle de l'espèce Citharus linguatula au stade adulte dans le Golfe du Lion (MEDITS, 1994...",Lien vers les données La densité (nombre individus/km²) a été calculée annuellement à partir des données de la campagne MEDITS entre 1994 et 2019. Les données ont été transformées par logarithme décimal log10 (x+1) puis une analyse variographique et un krigeage ordinaire ont été effectués pour interpoler les données de densité dans le Golfe du Lion. Une carte de variance de krigeage a été calculée pour chaque espèce et chaque pas de temps.,"Citharus linguatula, Citharus linguatula","https://www.gbif.org/species/5213909, https://www.gbif.org/species/5213909"
https://pndb.opendatasoft.com/explore/assets/densite-annuelle-de-lespece-conger-conger-dans-le-golfe-du-lion-medits-1994-2019/,"Densité annuelle de l'espèce Conger conger dans le Golfe du Lion (MEDITS, 1994-2019)",Lien vers les données La densité (nombre individus/km²) a été calculée annuellement à partir des données de la campagne MEDITS entre 1994 et 2019. Les données ont été transformées par logarithme décimal log10 (x+1) puis une analyse variographique et un krigeage ordinaire ont été effectués pour interpoler les données de densité dans le Golfe du Lion. Une carte de variance de krigeage a été calculée pour chaque espèce et chaque pas de temps.,Conger conger,https://www.gbif.org/species/2403490
https://pndb.opendatasoft.com/explore/assets/densite-annuelle-de-lespece-eutrigla-gurnardus-au-stade-adulte-dans-le-golfe-du-lion-medits-1994-2019/,"Densité annuelle de l'espèce Eutrigla gurnardus au stade adulte dans le Golfe du Lion (MEDITS, 1994-...",Lien vers les données La densité (nombre individus/km²) a été calculée annuellement à partir des données de la campagne MEDITS entre 1994 et 2019. Les données ont été transformées par logarithme décimal log10 (x+1) puis une analyse variographique et un krigeage ordinaire ont été effectués pour interpoler les données de densité dans le Golfe du Lion. Une carte de variance de krigeage a été calculée pour chaque espèce et chaque pas de temps.,Eutrigla gurnardus,https://www.gbif.org/species/2336597
https://pndb.opendatasoft.com/explore/assets/densite-annuelle-de-lespece-lophius-budegassa-au-stade-juvenile-dans-le-golfe-du-lion-medits-1994-2019/,"Densité annuelle de l'espèce Lophius budegassa au stade juvénile dans le Golfe du Lion (MEDITS, 1994...",Lien vers les données La densité (nombre individus/km²) a été calculée annuellement à partir des données de la campagne MEDITS entre 1994 et 2019. Les données ont été transformées par logarithme décimal log10 (x+1) puis une analyse variographique et un krigeage ordinaire ont été effectués pour interpoler les données de densité dans le Golfe du Lion. Une carte de variance de krigeage a été calculée pour chaque espèce et chaque pas de temps.,Lophius budegassa,https://www.gbif.org/species/2415070
https://pndb.opendatasoft.com/explore/assets/densite-annuelle-de-lespece-lophius-piscatorius-au-stade-adulte-dans-le-golfe-du-lion-medits-1994-2019/,"Densité annuelle de l'espèce Lophius piscatorius au stade adulte dans le Golfe du Lion (MEDITS, 1994...",Lien vers les données La densité (nombre individus/km²) a été calculée annuellement à partir des données de la campagne MEDITS entre 1994 et 2019. Les données ont été transformées par logarithme décimal log10 (x+1) puis une analyse variographique et un krigeage ordinaire ont été effectués pour interpoler les données de densité dans le Golfe du Lion. Une carte de variance de krigeage a été calculée pour chaque espèce et chaque pas de temps.,Lophius piscatorius,https://www.gbif.org/species/2415075
https://pndb.opendatasoft.com/explore/assets/densite-annuelle-de-lespece-sepia-elegans-dans-le-golfe-du-lion-medits-1994-2019/,"Densité annuelle de l'espèce Sepia elegans dans le Golfe du Lion (MEDITS, 1994-2019)",Lien vers les données La densité (nombre individus/km²) a été calculée annuellement à partir des données de la campagne MEDITS entre 1994 et 2019. Les données ont été transformées par logarithme décimal log10 (x+1) puis une analyse variographique et un krigeage ordinaire ont été effectués pour interpoler les données de densité dans le Golfe du Lion. Une carte de variance de krigeage a été calculée pour chaque espèce et chaque pas de temps.,"Sepia elegans, Sepia elegans","https://www.gbif.org/species/2290859, https://www.gbif.org/species/2290859"
https://pndb.opendatasoft.com/explore/assets/densite-annuelle-de-lespece-sprattus-sprattus-au-stade-adulte-dans-le-golfe-du-lion-pelmed-2003-2019/,"Densité annuelle de l'espèce Sprattus sprattus au stade adulte dans le Golfe du Lion (PELMED, 2003-2...",Lien vers les données Les abondances obtenues à partir des données de la campagne PELMED entre 2003 et 2019 ont été utilisées pour créer des cartes annuelles de distribution. Les données ont d'abord été transformées par logarithme décimal log10 (x+1) puis une analyse variographique et un krigeage anisotrope ont été effectués pour interpoler les données dans le Golfe du Lion. Une carte de variance de krigeage a été calculée pour chaque espèce et chaque pas de temps.,Sprattus sprattus,https://www.gbif.org/species/2413452
https://pndb.opendatasoft.com/explore/assets/densite-annuelle-de-lespece-veretillum-cynomorium-dans-le-golfe-du-lion-medits-2012-2019/,"Densité annuelle de l'espèce Veretillum cynomorium dans le Golfe du Lion (MEDITS, 2012-2019)",Lien vers les données La densité (nombre individus/km²) a été calculée annuellement à partir des données de la campagne MEDITS entre 2012 et 2019. Les données ont été transformées par logarithme décimal log10 (x+1) puis une analyse variographique et un krigeage ordinaire ont été effectués pour interpoler les données de densité dans le Golfe du Lion. Une carte de variance de krigeage a été calculée pour chaque espèce et chaque pas de temps.,Veretillum cynomorium,https://www.gbif.org/species/2258764
https://pndb.opendatasoft.com/explore/assets/densite-moyenne-et-ecart-type-de-lespece-anguilla-anguilla-dans-le-golfe-du-lion-medits-1994-2019-cartographie-sans-interpolation/,"Densité moyenne et écart-type de l'espèce Anguilla anguilla dans le Golfe du Lion (MEDITS, 1994-2019...","Lien vers les données La densité (nombre individus/km²) a été calculée annuellement à partir des données de la campagne MEDITS entre 1994 et 2019 puis la moyenne et l'écart-type ont été calculés par station sur cette période. Les densités ont été calculées par stade de vie quand cela était possible (juvénile, adulte, indéterminé).",Anguilla anguilla,https://www.gbif.org/species/5212973
https://pndb.opendatasoft.com/explore/assets/densite-moyenne-et-ecart-type-de-lespece-aristaeomorpha-foliacea-aux-stades-juvenile-et-adulte-dans-le-golfe-du-lion-medits-1994-2019-cartographie-sans-interpolation/,Densité moyenne et écart-type de l'espèce Aristaeomorpha foliacea aux stades juvénile et adulte dans...,"Lien vers les données La densité (nombre individus/km²) a été calculée annuellement à partir des données de la campagne MEDITS entre 1994 et 2019 puis la moyenne et l'écart-type ont été calculés par station sur cette période. Les densités ont été calculées par stade de vie quand cela était possible (juvénile, adulte, indéterminé).",Aristaeomorpha foliacea,https://www.gbif.org/species/2223101
https://pndb.opendatasoft.com/explore/assets/densite-moyenne-et-ecart-type-de-lespece-atrina-pectinata-dans-le-golfe-du-lion-medits-2015-2019-cartographie-sans-interpolation/,"Densité moyenne et écart-type de l'espèce Atrina pectinata dans le Golfe du Lion (MEDITS, 2015-2019)...","Lien vers les données La densité (nombre individus/km²) a été calculée annuellement à partir des données de la campagne MEDITS entre 2015 et 2019 puis la moyenne et l'écart-type ont été calculés par station sur cette période. Les densités ont été calculées par stade de vie quand cela était possible (juvénile, adulte, indéterminé).",Atrina pectinata,https://www.gbif.org/species/4374726
https://pndb.opendatasoft.com/explore/assets/densite-moyenne-et-ecart-type-de-lespece-centrophorus-granulosus-dans-le-golfe-du-lion-medits-1994-2019-cartographie-sans-interpolation/,"Densité moyenne et écart-type de l'espèce Centrophorus granulosus dans le Golfe du Lion (MEDITS, 199...","Lien vers les données La densité (nombre individus/km²) a été calculée annuellement à partir des données de la campagne MEDITS entre 1994 et 2019 puis la moyenne et l'écart-type ont été calculés par station sur cette période. Les densités ont été calculées par stade de vie quand cela était possible (juvénile, adulte, indéterminé).",Centrophorus granulosus,https://www.gbif.org/species/5216423
https://pndb.opendatasoft.com/explore/assets/densite-moyenne-et-ecart-type-de-lespece-chimaera-monstrosa-dans-le-golfe-du-lion-medits-2015-2019-cartographie-sans-interpolation/,"Densité moyenne et écart-type de l'espèce Chimaera monstrosa dans le Golfe du Lion (MEDITS, 2015-201...","Lien vers les données La densité (nombre individus/km²) a été calculée annuellement à partir des données de la campagne MEDITS entre 2015 et 2019 puis la moyenne et l'écart-type ont été calculés par station sur cette période. Les densités ont été calculées par stade de vie quand cela était possible (juvénile, adulte, indéterminé).",Chimaera monstrosa,https://www.gbif.org/species/2417343
https://pndb.opendatasoft.com/explore/assets/densite-moyenne-et-ecart-type-de-lespece-dasyatis-pastinaca-dans-le-golfe-du-lion-medits-1994-2019-cartographie-sans-interpolation/,"Densité moyenne et écart-type de l'espèce Dasyatis pastinaca dans le Golfe du Lion (MEDITS, 1994-201...","Lien vers les données La densité (nombre individus/km²) a été calculée annuellement à partir des données de la campagne MEDITS entre 1994 et 2019 puis la moyenne et l'écart-type ont été calculés par station sur cette période. Les densités ont été calculées par stade de vie quand cela était possible (juvénile, adulte, indéterminé).",Dasyatis pastinaca,https://www.gbif.org/species/2419543
https://pndb.opendatasoft.com/explore/assets/densite-moyenne-et-ecart-type-de-lespece-dipturus-oxyrinchus-dans-le-golfe-du-lion-medits-2015-2019-cartographie-sans-interpolation/,"Densité moyenne et écart-type de l'espèce Dipturus oxyrinchus dans le Golfe du Lion (MEDITS, 2015-20...","Lien vers les données La densité (nombre individus/km²) a été calculée annuellement à partir des données de la campagne MEDITS entre 2015 et 2019 puis la moyenne et l'écart-type ont été calculés par station sur cette période. Les densités ont été calculées par stade de vie quand cela était possible (juvénile, adulte, indéterminé).",Dipturus oxyrinchus,https://www.gbif.org/species/2420174
https://pndb.opendatasoft.com/explore/assets/densite-moyenne-et-ecart-type-de-lespece-etmopterus-spinax-aux-stades-juvenile-et-adulte-dans-le-golfe-du-lion-medits-2015-2019-cartographie-sans-interpolation/,Densité moyenne et écart-type de l'espèce Etmopterus spinax aux stades juvénile et adulte dans le Go...,"Lien vers les données La densité (nombre individus/km²) a été calculée annuellement à partir des données de la campagne MEDITS entre 2015 et 2019 puis la moyenne et l'écart-type ont été calculés par station sur cette période. Les densités ont été calculées par stade de vie quand cela était possible (juvénile, adulte, indéterminé).",Etmopterus spinax,https://www.gbif.org/species/2421064
https://pndb.opendatasoft.com/explore/assets/densite-moyenne-et-ecart-type-de-lespece-galeus-melastomus-aux-stades-juvenile-et-adulte-dans-le-golfe-du-lion-medits-2015-2019-cartographie-sans-interpolation/,Densité moyenne et écart-type de l'espèce Galeus melastomus aux stades juvénile et adulte dans le Go...,"Lien vers les données La densité (nombre individus/km²) a été calculée annuellement à partir des données de la campagne MEDITS entre 2015 et 2019 puis la moyenne et l'écart-type ont été calculés par station sur cette période. Les densités ont été calculées par stade de vie quand cela était possible (juvénile, adulte, indéterminé).",Galeus melastomus,https://www.gbif.org/species/5215626
https://pndb.opendatasoft.com/explore/assets/densite-moyenne-et-ecart-type-de-lespece-hexanchus-griseus-dans-le-golfe-du-lion-medits-2015-2019-cartographie-sans-interpolation/,"Densité moyenne et écart-type de l'espèce Hexanchus griseus dans le Golfe du Lion (MEDITS, 2015-2019...","Lien vers les données La densité (nombre individus/km²) a été calculée annuellement à partir des données de la campagne MEDITS entre 2015 et 2019 puis la moyenne et l'écart-type ont été calculés par station sur cette période. Les densités ont été calculées par stade de vie quand cela était possible (juvénile, adulte, indéterminé).",Hexanchus griseus,https://www.gbif.org/species/2420569
https://pndb.opendatasoft.com/explore/assets/densite-moyenne-et-ecart-type-de-lespece-leucoraja-circularis-dans-le-golfe-du-lion-medits-1994-2019-cartographie-sans-interpolation/,"Densité moyenne et écart-type de l'espèce Leucoraja circularis dans le Golfe du Lion (MEDITS, 1994-2...","Lien vers les données La densité (nombre individus/km²) a été calculée annuellement à partir des données de la campagne MEDITS entre 1994 et 2019 puis la moyenne et l'écart-type ont été calculés par station sur cette période. Les densités ont été calculées par stade de vie quand cela était possible (juvénile, adulte, indéterminé).","Leucoraja circularis, Leucoraja circularis","https://www.gbif.org/species/2419863, https://www.gbif.org/species/2419863"
https://pndb.opendatasoft.com/explore/assets/densite-moyenne-et-ecart-type-de-lespece-leucoraja-fullonica-dans-le-golfe-du-lion-medits-1994-2019-cartographie-sans-interpolation/,"Densité moyenne et écart-type de l'espèce Leucoraja fullonica dans le Golfe du Lion (MEDITS, 1994-20...","Lien vers les données La densité (nombre individus/km²) a été calculée annuellement à partir des données de la campagne MEDITS entre 1994 et 2019 puis la moyenne et l'écart-type ont été calculés par station sur cette période. Les densités ont été calculées par stade de vie quand cela était possible (juvénile, adulte, indéterminé).",Leucoraja fullonica,https://www.gbif.org/species/2419849
https://pndb.opendatasoft.com/explore/assets/densite-moyenne-et-ecart-type-de-lespece-oxynotus-centrina-dans-le-golfe-du-lion-medits-1994-2019-cartographie-sans-interpolation/,"Densité moyenne et écart-type de l'espèce Oxynotus centrina dans le Golfe du Lion (MEDITS, 1994-2019...","Lien vers les données La densité (nombre individus/km²) a été calculée annuellement à partir des données de la campagne MEDITS entre 1994 et 2019 puis la moyenne et l'écart-type ont été calculés par station sur cette période. Les densités ont été calculées par stade de vie quand cela était possible (juvénile, adulte, indéterminé).",Oxynotus centrina,https://www.gbif.org/species/5216306
https://pndb.opendatasoft.com/explore/assets/densite-moyenne-et-ecart-type-de-lespece-pteroplatytrygon-violacea-dans-le-golfe-du-lion-medits-2015-2019-cartographie-sans-interpolation/,"Densité moyenne et écart-type de l'espèce Pteroplatytrygon violacea dans le Golfe du Lion (MEDITS, 2...","Lien vers les données La densité (nombre individus/km²) a été calculée annuellement à partir des données de la campagne MEDITS entre 2015 et 2019 puis la moyenne et l'écart-type ont été calculés par station sur cette période. Les densités ont été calculées par stade de vie quand cela était possible (juvénile, adulte, indéterminé).",Pteroplatytrygon violacea,https://www.gbif.org/species/2419426
https://pndb.opendatasoft.com/explore/assets/densite-moyenne-et-ecart-type-de-lespece-raja-brachyura-dans-le-golfe-du-lion-medits-1994-2019-cartographie-sans-interpolation/,"Densité moyenne et écart-type de l'espèce Raja brachyura dans le Golfe du Lion (MEDITS, 1994-2019) -...","Lien vers les données La densité (nombre individus/km²) a été calculée annuellement à partir des données de la campagne MEDITS entre 1994 et 2019 puis la moyenne et l'écart-type ont été calculés par station sur cette période. Les densités ont été calculées par stade de vie quand cela était possible (juvénile, adulte, indéterminé).",Raja brachyura,https://www.gbif.org/species/5216059
https://pndb.opendatasoft.com/explore/assets/densite-moyenne-et-ecart-type-de-lespece-raja-miraletus-dans-le-golfe-du-lion-medits-1994-2019-cartographie-sans-interpolation/,"Densité moyenne et écart-type de l'espèce Raja miraletus dans le Golfe du Lion (MEDITS, 1994-2019) -...","Lien vers les données La densité (nombre individus/km²) a été calculée annuellement à partir des données de la campagne MEDITS entre 1994 et 2019 puis la moyenne et l'écart-type ont été calculés par station sur cette période. Les densités ont été calculées par stade de vie quand cela était possible (juvénile, adulte, indéterminé).","Raja miraletus, Raja miraletus","https://www.gbif.org/species/5216033, https://www.gbif.org/species/5216033"
https://pndb.opendatasoft.com/explore/assets/densite-moyenne-et-ecart-type-de-lespece-raja-polystigma-aux-stades-juvenile-et-adulte-dans-le-golfe-du-lion-medits-1994-2019-cartographie-sans-interpolation/,Densité moyenne et écart-type de l'espèce Raja polystigma aux stades juvénile et adulte dans le Golf...,"Lien vers les données La densité (nombre individus/km²) a été calculée annuellement à partir des données de la campagne MEDITS entre 1994 et 2019 puis la moyenne et l'écart-type ont été calculés par station sur cette période. Les densités ont été calculées par stade de vie quand cela était possible (juvénile, adulte, indéterminé).",Raja polystigma,https://www.gbif.org/species/5216053
https://pndb.opendatasoft.com/explore/assets/densite-moyenne-et-ecart-type-de-lespece-scomber-colias-aux-stades-juvenile-et-adulte-dans-le-golfe-du-lion-medits-2015-2019-cartographie-sans-interpolation/,Densité moyenne et écart-type de l'espèce Scomber colias aux stades juvénile et adulte dans le Golfe...,"Lien vers les données La densité (nombre individus/km²) a été calculée annuellement à partir des données de la campagne MEDITS entre 2015 et 2019 puis la moyenne et l'écart-type ont été calculés par station sur cette période. Les densités ont été calculées par stade de vie quand cela était possible (juvénile, adulte, indéterminé).",Scomber colias,https://www.gbif.org/species/2374161
https://pndb.opendatasoft.com/explore/assets/densite-moyenne-et-ecart-type-de-lespece-sepia-officinalis-aux-stades-juvenile-et-adulte-dans-le-golfe-du-lion-medits-1994-2019-cartographie-sans-interpolation/,Densité moyenne et écart-type de l'espèce Sepia officinalis aux stades juvénile et adulte dans le Go...,"Lien vers les données La densité (nombre individus/km²) a été calculée annuellement à partir des données de la campagne MEDITS entre 1994 et 2019 puis la moyenne et l'écart-type ont été calculés par station sur cette période. Les densités ont été calculées par stade de vie quand cela était possible (juvénile, adulte, indéterminé).","Sepia officinalis, Sepia officinalis","https://www.gbif.org/species/2290849, https://www.gbif.org/species/2290849"
https://pndb.opendatasoft.com/explore/assets/densite-moyenne-et-ecart-type-de-lespece-sparus-aurata-dans-le-golfe-du-lion-medits-1994-2019-cartographie-sans-interpolation/,"Densité moyenne et écart-type de l'espèce Sparus aurata dans le Golfe du Lion (MEDITS, 1994-2019) - ...","Lien vers les données La densité (nombre individus/km²) a été calculée annuellement à partir des données de la campagne MEDITS entre 1994 et 2019 puis la moyenne et l'écart-type ont été calculés par station sur cette période. Les densités ont été calculées par stade de vie quand cela était possible (juvénile, adulte, indéterminé).",Sparus aurata,https://www.gbif.org/species/2392508
https://pndb.opendatasoft.com/explore/assets/densite-moyenne-et-ecart-type-de-lespece-squalus-uyato-dans-le-golfe-du-lion-medits-1994-2019-cartographie-sans-interpolation/,"Densité moyenne et écart-type de l'espèce Squalus uyato dans le Golfe du Lion (MEDITS, 1994-2019) - ...","Lien vers les données La densité (nombre individus/km²) a été calculée annuellement à partir des données de la campagne MEDITS entre 1994 et 2019 puis la moyenne et l'écart-type ont été calculés par station sur cette période. Les densités ont été calculées par stade de vie quand cela était possible (juvénile, adulte, indéterminé).",Squalus uyato,https://www.gbif.org/species/5216356
https://pndb.opendatasoft.com/explore/assets/densite-moyenne-et-ecart-type-de-lespece-squilla-mantis-aux-stades-juvenile-et-adulte-dans-le-golfe-du-lion-medits-1994-2019-cartographie-sans-interpolation/,Densité moyenne et écart-type de l'espèce Squilla mantis aux stades juvénile et adulte dans le Golfe...,"Lien vers les données La densité (nombre individus/km²) a été calculée annuellement à partir des données de la campagne MEDITS entre 1994 et 2019 puis la moyenne et l'écart-type ont été calculés par station sur cette période. Les densités ont été calculées par stade de vie quand cela était possible (juvénile, adulte, indéterminé).",Squilla mantis,https://www.gbif.org/species/5177263
https://pndb.opendatasoft.com/explore/assets/densite-moyenne-et-ecart-type-de-lespece-torpedo-marmorata-aux-stades-juvenile-et-adulte-dans-le-golfe-du-lion-medits-1994-2019-cartographie-sans-interpolation/,Densité moyenne et écart-type de l'espèce Torpedo marmorata aux stades juvénile et adulte dans le Go...,"Lien vers les données La densité (nombre individus/km²) a été calculée annuellement à partir des données de la campagne MEDITS entre 1994 et 2019 puis la moyenne et l'écart-type ont été calculés par station sur cette période. Les densités ont été calculées par stade de vie quand cela était possible (juvénile, adulte, indéterminé).",Torpedo marmorata,https://www.gbif.org/species/5215518
https://pndb.opendatasoft.com/explore/assets/densite-moyenne-et-ecart-type-de-lespece-torpedo-nobiliana-dans-le-golfe-du-lion-medits-1994-2019-cartographie-sans-interpolation/,"Densité moyenne et écart-type de l'espèce Torpedo nobiliana dans le Golfe du Lion (MEDITS, 1994-2019...","Lien vers les données La densité (nombre individus/km²) a été calculée annuellement à partir des données de la campagne MEDITS entre 1994 et 2019 puis la moyenne et l'écart-type ont été calculés par station sur cette période. Les densités ont été calculées par stade de vie quand cela était possible (juvénile, adulte, indéterminé).",Torpedo nobiliana,https://www.gbif.org/species/5215510
https://pndb.opendatasoft.com/explore/assets/densite-moyenne-et-ecart-type-de-lespece-torpedo-torpedo-dans-le-golfe-du-lion-medits-1994-2019-cartographie-sans-interpolation/,"Densité moyenne et écart-type de l'espèce Torpedo torpedo dans le Golfe du Lion (MEDITS, 1994-2019) ...","Lien vers les données La densité (nombre individus/km²) a été calculée annuellement à partir des données de la campagne MEDITS entre 1994 et 2019 puis la moyenne et l'écart-type ont été calculés par station sur cette période. Les densités ont été calculées par stade de vie quand cela était possible (juvénile, adulte, indéterminé).",Torpedo torpedo,https://www.gbif.org/species/5215534
https://pndb.opendatasoft.com/explore/assets/densite-moyenne-et-ecart-type-interannuel-de-lespece-alcyonium-palmatum-dans-le-golfe-du-lion-medits-2015-2019/,Densité moyenne et écart-type interannuel de l'espèce Alcyonium palmatum dans le Golfe du Lion (MEDI...,Lien vers les données La densité (nombre individus/km²) moyenne et son écart-type ont été calculés sur la période 2015-2019 à partir des cartes annuelles.,Alcyonium palmatum,https://www.gbif.org/species/5185161
https://pndb.opendatasoft.com/explore/assets/densite-moyenne-et-ecart-type-interannuel-de-lespece-arnoglossus-laterna-dans-le-golfe-du-lion-medits-2015-2019/,Densité moyenne et écart-type interannuel de l'espèce Arnoglossus laterna dans le Golfe du Lion (MED...,Lien vers les données La densité (nombre individus/km²) moyenne et son écart-type ont été calculés sur la période 2015-2019 à partir des cartes annuelles.,Arnoglossus laterna,https://www.gbif.org/species/2408554
https://pndb.opendatasoft.com/explore/assets/densite-moyenne-et-ecart-type-interannuel-de-lespece-callionymus-maculatus-dans-le-golfe-du-lion-medits-2015-2019/,Densité moyenne et écart-type interannuel de l'espèce Callionymus maculatus dans le Golfe du Lion (M...,Lien vers les données La densité (nombre individus/km²) moyenne et son écart-type ont été calculés sur la période 2015-2019 à partir des cartes annuelles.,Callionymus maculatus,https://www.gbif.org/species/2386887
https://pndb.opendatasoft.com/explore/assets/densite-moyenne-et-ecart-type-interannuel-de-lespece-lepidotrigla-cavillone-dans-le-golfe-du-lion-medits-2015-2019/,Densité moyenne et écart-type interannuel de l'espèce Lepidotrigla cavillone dans le Golfe du Lion (...,Lien vers les données La densité (nombre individus/km²) moyenne et son écart-type ont été calculés sur la période 2015-2019 à partir des cartes annuelles.,Lepidotrigla cavillone,https://www.gbif.org/species/2336734
https://pndb.opendatasoft.com/explore/assets/densite-moyenne-et-ecart-type-interannuel-de-lespece-octopus-vulgaris-aux-stades-juvenile-et-adulte-dans-le-golfe-du-lion-medits-2015-2019/,Densité moyenne et écart-type interannuel de l'espèce Octopus vulgaris aux stades juvénile et adulte...,Lien vers les données La densité (nombre individus/km²) moyenne et son écart-type ont été calculés sur la période 2015-2019 à partir des cartes annuelles.,Octopus vulgaris,https://www.gbif.org/species/2289671
https://pndb.opendatasoft.com/explore/assets/densite-moyenne-et-ecart-type-interannuel-de-lespece-serranus-hepatus-dans-le-golfe-du-lion-medits-2015-2019/,Densité moyenne et écart-type interannuel de l'espèce Serranus hepatus dans le Golfe du Lion (MEDITS...,La densité (nombre individus/km²) moyenne et son écart-type ont été calculés sur la période 2015-2019 à partir des cartes annuelles.,"Serranus hepatus, Serranus hepatus","https://www.gbif.org/species/2388724, https://www.gbif.org/species/2388724"
https://pndb.opendatasoft.com/explore/assets/densite-moyenne-et-ecart-type-interannuel-de-lespece-trisopterus-capelanus-aux-stades-juvenile-et-adulte-dans-le-golfe-du-lion-medits-2015-2019/,Densité moyenne et écart-type interannuel de l'espèce Trisopterus capelanus aux stades juvénile et a...,Lien vers les données La densité (nombre individus/km²) moyenne et son écart-type ont été calculés sur la période 2015-2019 à partir des cartes annuelles.,Trisopterus capelanus,https://www.gbif.org/species/7193745
https://pndb.opendatasoft.com/explore/assets/densite-pluriannuelle-et-variance-de-krigeage-de-lespece-alloteuthis-media-dans-le-golfe-du-lion-medits-moyenne-1994-2019/,Densité pluriannuelle et variance de krigeage de l'espèce Alloteuthis media dans le Golfe du Lion (M...,Lien vers les données La densité (nombre individus/km²) a été calculée annuellement à partir des données de la campagne MEDITS entre 1994 et 2019 puis a été moyennée par station sur cette période. Les données ont été transformées par logarithme décimal log10 (x+1) puis une analyse variographique et un krigeage ordinaire ont été effectués pour interpoler les données dans le Golfe du Lion. Une carte de variance de krigeage a été calculée pour chaque espèce et chaque pas de temps.,Alloteuthis media,https://www.gbif.org/species/2290401
https://pndb.opendatasoft.com/explore/assets/densite-pluriannuelle-et-variance-de-krigeage-de-lespece-argentina-sphyraena-dans-le-golfe-du-lion-medits-moyenne-1994-2019/,Densité pluriannuelle et variance de krigeage de l'espèce Argentina sphyraena dans le Golfe du Lion ...,Lien vers les données La densité (nombre individus/km²) a été calculée annuellement à partir des données de la campagne MEDITS entre 1994 et 2019 puis a été moyennée par station sur cette période. Les données ont été transformées par logarithme décimal log10 (x+1) puis une analyse variographique et un krigeage ordinaire ont été effectués pour interpoler les données dans le Golfe du Lion. Une carte de variance de krigeage a été calculée pour chaque espèce et chaque pas de temps.,Argentina sphyraena,https://www.gbif.org/species/5214448
https://pndb.opendatasoft.com/explore/assets/densite-pluriannuelle-et-variance-de-krigeage-de-lespece-blennius-ocellaris-dans-le-golfe-du-lion-medits-moyenne-2015-2019/,Densité pluriannuelle et variance de krigeage de l'espèce Blennius ocellaris dans le Golfe du Lion (...,Lien vers les données La densité (nombre individus/km²) a été calculée annuellement à partir des données de la campagne MEDITS entre 2015 et 2019 puis a été moyennée par station sur cette période. Les données ont été transformées par logarithme décimal log10 (x+1) puis une analyse variographique et un krigeage ordinaire ont été effectués pour interpoler les données dans le Golfe du Lion. Une carte de variance de krigeage a été calculée pour chaque espèce et chaque pas de temps.,Blennius ocellaris,https://www.gbif.org/species/2395359
https://pndb.opendatasoft.com/explore/assets/densite-pluriannuelle-et-variance-de-krigeage-de-lespece-boops-boops-aux-stades-juvenile-et-adulte-dans-le-golfe-du-lion-medits-moyenne-1994-2019/,Densité pluriannuelle et variance de krigeage de l'espèce Boops boops aux stades juvénile et adulte ...,Lien vers les données La densité (nombre individus/km²) a été calculée annuellement à partir des données de la campagne MEDITS entre 1994 et 2019 puis a été moyennée par station sur cette période. Les données ont été transformées par logarithme décimal log10 (x+1) puis une analyse variographique et un krigeage ordinaire ont été effectués pour interpoler les données dans le Golfe du Lion. Une carte de variance de krigeage a été calculée pour chaque espèce et chaque pas de temps.,Boops boops,https://www.gbif.org/species/5210955
https://pndb.opendatasoft.com/explore/assets/densite-pluriannuelle-et-variance-de-krigeage-de-lespece-chelidonichthys-cuculus-aux-stades-juvenile-et-adulte-dans-le-golfe-du-lion-medits-moyenne-1994-2019/,Densité pluriannuelle et variance de krigeage de l'espèce Chelidonichthys cuculus aux stades juvénil...,Lien vers les données La densité (nombre individus/km²) a été calculée annuellement à partir des données de la campagne MEDITS entre 1994 et 2019 puis a été moyennée par station sur cette période. Les données ont été transformées par logarithme décimal log10 (x+1) puis une analyse variographique et un krigeage ordinaire ont été effectués pour interpoler les données dans le Golfe du Lion. Une carte de variance de krigeage a été calculée pour chaque espèce et chaque pas de temps.,"Chelidonichthys cuculus, Chelidonichthys cuculus","https://www.gbif.org/species/2336745, https://www.gbif.org/species/2336745"
https://pndb.opendatasoft.com/explore/assets/densite-pluriannuelle-et-variance-de-krigeage-de-lespece-deltentosteus-quadrimaculatus-dans-le-golfe-du-lion-medits-moyenne-1994-2019/,Densité pluriannuelle et variance de krigeage de l'espèce Deltentosteus quadrimaculatus dans le Golf...,Lien vers les données La densité (nombre individus/km²) a été calculée annuellement à partir des données de la campagne MEDITS entre 1994 et 2019 puis a été moyennée par station sur cette période. Les données ont été transformées par logarithme décimal log10 (x+1) puis une analyse variographique et un krigeage ordinaire ont été effectués pour interpoler les données dans le Golfe du Lion. Une carte de variance de krigeage a été calculée pour chaque espèce et chaque pas de temps.,Deltentosteus quadrimaculatus,https://www.gbif.org/species/2376296
https://pndb.opendatasoft.com/explore/assets/densite-pluriannuelle-et-variance-de-krigeage-de-lespece-eledone-moschata-aux-stades-juvenile-et-adulte-dans-le-golfe-du-lion-medits-moyenne-2015-2019/,Densité pluriannuelle et variance de krigeage de l'espèce Eledone moschata aux stades juvénile et ad...,Lien vers les données La densité (nombre individus/km²) a été calculée annuellement à partir des données de la campagne MEDITS entre 2015 et 2019 puis a été moyennée par station sur cette période. Les données ont été transformées par logarithme décimal log10 (x+1) puis une analyse variographique et un krigeage ordinaire ont été effectués pour interpoler les données dans le Golfe du Lion. Une carte de variance de krigeage a été calculée pour chaque espèce et chaque pas de temps.,Eledone moschata,https://www.gbif.org/species/2289359
https://pndb.opendatasoft.com/explore/assets/densite-pluriannuelle-et-variance-de-krigeage-de-lespece-gaidropsarus-biscayensis-dans-le-golfe-du-lion-medits-moyenne-1994-2019/,Densité pluriannuelle et variance de krigeage de l'espèce Gaidropsarus biscayensis dans le Golfe du ...,Lien vers les données La densité (nombre individus/km²) a été calculée annuellement à partir des données de la campagne MEDITS entre 1994 et 2019 puis a été moyennée par station sur cette période. Les données ont été transformées par logarithme décimal log10 (x+1) puis une analyse variographique et un krigeage ordinaire ont été effectués pour interpoler les données dans le Golfe du Lion. Une carte de variance de krigeage a été calculée pour chaque espèce et chaque pas de temps.,Gaidropsarus biscayensis,https://www.gbif.org/species/2415588
https://pndb.opendatasoft.com/explore/assets/densite-pluriannuelle-et-variance-de-krigeage-de-lespece-illex-coindetii-aux-stades-juvenile-et-adulte-dans-le-golfe-du-lion-medits-moyenne-2015-2019/,Densité pluriannuelle et variance de krigeage de l'espèce Illex coindetii aux stades juvénile et adu...,Lien vers les données La densité (nombre individus/km²) a été calculée annuellement à partir des données de la campagne MEDITS entre 2015 et 2019 puis a été moyennée par station sur cette période. Les données ont été transformées par logarithme décimal log10 (x+1) puis une analyse variographique et un krigeage ordinaire ont été effectués pour interpoler les données dans le Golfe du Lion. Une carte de variance de krigeage a été calculée pour chaque espèce et chaque pas de temps.,Illex coindetii,https://www.gbif.org/species/2290522
https://pndb.opendatasoft.com/explore/assets/densite-pluriannuelle-et-variance-de-krigeage-de-lespece-lesueurigobius-friesii-dans-le-golfe-du-lion-medits-moyenne-2015-2019/,Densité pluriannuelle et variance de krigeage de l'espèce Lesueurigobius friesii dans le Golfe du Li...,Lien vers les données La densité (nombre individus/km²) a été calculée annuellement à partir des données de la campagne MEDITS entre 2015 et 2019 puis a été moyennée par station sur cette période. Les données ont été transformées par logarithme décimal log10 (x+1) puis une analyse variographique et un krigeage ordinaire ont été effectués pour interpoler les données dans le Golfe du Lion. Une carte de variance de krigeage a été calculée pour chaque espèce et chaque pas de temps.,Lesueurigobius friesii,https://www.gbif.org/species/2378673
https://pndb.opendatasoft.com/explore/assets/densite-pluriannuelle-et-variance-de-krigeage-de-lespece-pagellus-acarne-aux-stades-juvenile-et-adulte-dans-le-golfe-du-lion-medits-moyenne-2015-2019/,Densité pluriannuelle et variance de krigeage de l'espèce Pagellus acarne aux stades juvénile et adu...,Lien vers les données La densité (nombre individus/km²) a été calculée annuellement à partir des données de la campagne MEDITS entre 2015 et 2019 puis a été moyennée par station sur cette période. Les données ont été transformées par logarithme décimal log10 (x+1) puis une analyse variographique et un krigeage ordinaire ont été effectués pour interpoler les données dans le Golfe du Lion. Une carte de variance de krigeage a été calculée pour chaque espèce et chaque pas de temps.,Pagellus acarne,https://www.gbif.org/species/2392566
https://pndb.opendatasoft.com/explore/assets/densite-pluriannuelle-et-variance-de-krigeage-de-lespece-pagellus-bogaraveo-aux-stades-juvenile-et-adulte-dans-le-golfe-du-lion-medits-moyenne-1994-2019/,Densité pluriannuelle et variance de krigeage de l'espèce Pagellus bogaraveo aux stades juvénile et ...,Lien vers les données La densité (nombre individus/km²) a été calculée annuellement à partir des données de la campagne MEDITS entre 1994 et 2019 puis a été moyennée par station sur cette période. Les données ont été transformées par logarithme décimal log10 (x+1) puis une analyse variographique et un krigeage ordinaire ont été effectués pour interpoler les données dans le Golfe du Lion. Une carte de variance de krigeage a été calculée pour chaque espèce et chaque pas de temps.,Pagellus bogaraveo,https://www.gbif.org/species/2392557
https://pndb.opendatasoft.com/explore/assets/densite-pluriannuelle-et-variance-de-krigeage-de-lespece-pteroeides-spinosum-dans-le-golfe-du-lion-medits-moyenne-2012-2019/,Densité pluriannuelle et variance de krigeage de l'espèce Pteroeides spinosum dans le Golfe du Lion ...,Lien vers les données La densité (nombre individus/km²) a été calculée annuellement à partir des données de la campagne MEDITS entre 2012 et 2019 puis a été moyennée par station sur cette période. Les données ont été transformées par logarithme décimal log10 (x+1) puis une analyse variographique et un krigeage ordinaire ont été effectués pour interpoler les données dans le Golfe du Lion. Une carte de variance de krigeage a été calculée pour chaque espèce et chaque pas de temps.,Pteroeides spinosum,https://www.gbif.org/species/2258660
https://pndb.opendatasoft.com/explore/assets/densite-pluriannuelle-et-variance-de-krigeage-de-lespece-serranus-cabrilla-dans-le-golfe-du-lion-medits-moyenne-1994-2019/,Densité pluriannuelle et variance de krigeage de l'espèce Serranus cabrilla dans le Golfe du Lion (M...,Lien vers les données La densité (nombre individus/km²) a été calculée annuellement à partir des données de la campagne MEDITS entre 1994 et 2019 puis a été moyennée par station sur cette période. Les données ont été transformées par logarithme décimal log10 (x+1) puis une analyse variographique et un krigeage ordinaire ont été effectués pour interpoler les données dans le Golfe du Lion. Une carte de variance de krigeage a été calculée pour chaque espèce et chaque pas de temps.,"Serranus cabrilla, Serranus cabrilla","https://www.gbif.org/species/2388710, https://www.gbif.org/species/2388710"
https://pndb.opendatasoft.com/explore/assets/densite-pluriannuelle-et-variance-de-krigeage-de-lespece-trachurus-mediterraneus-aux-stades-juvenile-et-adulte-dans-le-golfe-du-lion-medits-moyenne-1994-2019/,Densité pluriannuelle et variance de krigeage de l'espèce Trachurus mediterraneus aux stades juvénil...,Lien vers les données La densité (nombre individus/km²) a été calculée annuellement à partir des données de la campagne MEDITS entre 1994 et 2019 puis a été moyennée par station sur cette période. Les données ont été transformées par logarithme décimal log10 (x+1) puis une analyse variographique et un krigeage ordinaire ont été effectués pour interpoler les données dans le Golfe du Lion. Une carte de variance de krigeage a été calculée pour chaque espèce et chaque pas de temps.,Trachurus mediterraneus,https://www.gbif.org/species/5210496
https://pndb.opendatasoft.com/explore/assets/densite-pluriannuelle-et-variance-de-krigeage-de-lespece-trigla-lyra-dans-le-golfe-du-lion-medits-moyenne-1994-2019/,"Densité pluriannuelle et variance de krigeage de l'espèce Trigla lyra dans le Golfe du Lion (MEDITS,...",La densité (nombre individus/km²) a été calculée annuellement à partir des données de la campagne MEDITS entre 1994 et 2019 puis a été moyennée par station sur cette période. Les données ont été transformées par logarithme décimal log10 (x+1) puis une analyse variographique et un krigeage ordinaire ont été effectués pour interpoler les données dans le Golfe du Lion. Une carte de variance de krigeage a été calculée pour chaque espèce et chaque pas de temps.,"Trigla lyra, Trigla lyra","https://www.gbif.org/species/2336771, https://www.gbif.org/species/2336771"
https://pndb.opendatasoft.com/explore/assets/dental-microwear-textures-of-extant-ruminants-from-the-bauges-regional-natural-park-france/,"Dental Microwear textures of extant ruminants from the Bauges Regional Natural Park, France","Lien vers les données This dataset contains dental microwear surfaces disto-buccal facets of the lower second molars of extant wild-sampled specimens of roe deer (Capreolus capreolus), red deer (Cervus elaphus), mouflon (Ovis gmelini) and chamois (Rupicapra rupicapra) from the Bauges Regional Natural Park, France. Material is stored at the Palevoprim Lab, University of Poitiers, France. Details are given in Merceron et al. (2021).","Capreolus capreolus, Cervus elaphus, Ovis gmelini, Rupicapra rupicapra","https://www.gbif.org/species/5220126, https://www.gbif.org/species/2440958, https://www.gbif.org/species/9542814, https://www.gbif.org/species/5220170"
https://pndb.opendatasoft.com/explore/assets/deplacement-de-tortue-caouanne-caretta-caretta-au-depart-de-la-reunion/,Déplacement de tortue caouanne Caretta caretta au départ de La Réunion.,"Lien vers les données Ces trajets représentent les déplacements de tortues caouannes juvéniles (&lt;50kg) au départ de La Réunion. Ces tortues ont été capturées accidentellement par les pêcheurs autour de l'île. En cas de blessures, elles sont apportées à Kélonia (Observatoire des tortues marines), pour y être soignées puis relâchées au large de La Réunion. Dans le cadre du projet ""DYMITILE"" et ""By Catch Réunion"", ces tortues ont été suivies par des balises Argos entre 2008 et 2011 afin de connaitre l'étendue de leurs déplacements océaniques.",Caretta caretta,https://www.gbif.org/species/8894817
https://pndb.opendatasoft.com/explore/assets/diadromous-species-sampling-in-adour-river-france/,Diadromous species sampling in Adour river-France,"Lien vers les données Data were collected by the Laboratoire de Ressources Halieutiques d'Aquitaine (Ifremer). The observations were carried out between April 1992 and July 2006. Observations and measures were made on board commercial vessels, practicing on Adour River generally in springtime and in summer. Sampling of catches took place on the river between March and July; The researchers took scales, a blood sample, took measurements of length and weight on the fish caught by the fishermen during the observed fishing trips. Sampling was of sampling-by-opportunity type. The driftnet is an emblematic and very old métier in this area, targeting different species as atlantic salmon (Salmo salar), sea trout (Salmo trutta), sea Lamprey (Pétromyzon marinus) and also allis shad (Alosa alosa). This activity is framed by particular regulation as quota of fishing days and licenses. Between 15 and 20 costal boats practice this métier during the year and the fleet characteristics are homogenous. The boats put the net in the water (around 100 m long) and let it drift with the surface current (downstream) while the tide is rising; the fish swimming upstream the river are then trapped in the water column. Different meshes can be used.","Alosa alosa, Salmo trutta","https://www.gbif.org/species/2412685, https://www.gbif.org/species/8215487"
https://pndb.opendatasoft.com/explore/assets/distribution-de-abra-alba-cperm-424-aphiaid-141433-en-atlantique/,"Distribution de Abra alba (CPERM 424, AphiaID 141433) en ATLANTIQUE","Lien vers les données Distribution du taxon Abra alba établie à partir des données de densité d'abondance relative cumulées et krigées issues des campagnes halieutiques EVHOE (2008-2013), LANGOLF (2011-2013), NURSE (2000-2013), ORHAGO (2011-2015)",Abra alba,https://www.gbif.org/species/5189061
https://pndb.opendatasoft.com/explore/assets/distribution-de-acanthocardia-echinata-cperm-380-aphiaid-138992-en-atlantique/,"Distribution de Acanthocardia echinata (CPERM 380, AphiaID 138992) en ATLANTIQUE","Lien vers les données Distribution du taxon Acanthocardia echinata établie à partir des données de densité d'abondance relative cumulées et krigées issues des campagnes halieutiques EVHOE (2008-2013), LANGOLF (2011-2013), NURSE (2000-2013), ORHAGO (2011-2015)",Acanthocardia echinata,https://www.gbif.org/species/2286523
https://pndb.opendatasoft.com/explore/assets/distribution-de-acrocnida-brachiata-cperm-1161-aphiaid-236130-en-atlantique/,"Distribution de Acrocnida brachiata (CPERM 1161, AphiaID 236130) en ATLANTIQUE","Lien vers les données Distribution du taxon Acrocnida brachiata établie à partir des données de densité d'abondance relative cumulées et krigées issues des campagnes halieutiques EVHOE (2008-2013), LANGOLF (2011-2013), NURSE (2000-2013), ORHAGO (2011-2015)","Acrocnida brachiata, Acrocnida brachiata","https://www.gbif.org/species/2278086, https://www.gbif.org/species/2278086"
https://pndb.opendatasoft.com/explore/assets/distribution-de-adamsia-palliata-cperm-4626-aphiaid-445590-en-atlantique/,"Distribution de Adamsia palliata (CPERM 4626, AphiaID 445590) en ATLANTIQUE","Lien vers les données Distribution du taxon Adamsia palliata établie à partir des données de densité d'abondance relative cumulées et krigées issues des campagnes halieutiques EVHOE (2008-2013), LANGOLF (2011-2013), NURSE (2000-2013), ORHAGO (2011-2015)",Adamsia palliata,https://www.gbif.org/species/5184247
https://pndb.opendatasoft.com/explore/assets/distribution-de-aequipecten-opercularis-cperm-365-aphiaid-140687-en-atlantique/,"Distribution de Aequipecten opercularis (CPERM 365, AphiaID 140687) en ATLANTIQUE","Lien vers les données Distribution du taxon Aequipecten opercularis établie à partir des données de densité d'abondance relative cumulées et krigées issues des campagnes halieutiques EVHOE (2008-2013), LANGOLF (2011-2013), NURSE (2000-2013), ORHAGO (2011-2015)",Aequipecten opercularis,https://www.gbif.org/species/2285838
https://pndb.opendatasoft.com/explore/assets/distribution-de-alpheus-glaber-cperm-907-aphiaid-107477-en-atlantique/,"Distribution de Alpheus glaber (CPERM 907, AphiaID 107477) en ATLANTIQUE","Lien vers les données Distribution du taxon Alpheus glaber établie à partir des données de densité d'abondance relative cumulées et krigées issues des campagnes halieutiques EVHOE (2008-2013), LANGOLF (2011-2013), NURSE (2000-2013), ORHAGO (2011-2015)",Alpheus glaber,https://www.gbif.org/species/2226188
https://pndb.opendatasoft.com/explore/assets/distribution-de-anapagurus-hyndmanni-cperm-1005-aphiaid-107217-en-atlantique/,"Distribution de Anapagurus hyndmanni (CPERM 1005, AphiaID 107217) en ATLANTIQUE","Lien vers les données Distribution du taxon Anapagurus hyndmanni établie à partir des données de densité d'abondance relative cumulées et krigées issues des campagnes halieutiques EVHOE (2008-2013), LANGOLF (2011-2013), NURSE (2000-2013), ORHAGO (2011-2015)",Anapagurus hyndmanni,https://www.gbif.org/species/4312306
https://pndb.opendatasoft.com/explore/assets/distribution-de-anapagurus-laevis-cperm-1007-aphiaid-107218-en-atlantique/,"Distribution de Anapagurus laevis (CPERM 1007, AphiaID 107218) en ATLANTIQUE","Distribution du taxon Anapagurus laevis établie à partir des données de densité d'abondance relative cumulées et krigées issues des campagnes halieutiques EVHOE (2008-2013), LANGOLF (2011-2013), NURSE (2000-2013), ORHAGO (2011-2015)",Anapagurus laevis,https://www.gbif.org/species/4312313
https://pndb.opendatasoft.com/explore/assets/distribution-de-antalis-novemcostata-cperm-2410-aphiaid-196381-en-atlantique/,"Distribution de Antalis novemcostata (CPERM 2410, AphiaID 196381) en ATLANTIQUE","Lien vers les données Distribution du taxon Antalis novemcostata établie à partir des données de densité d'abondance relative cumulées et krigées issues des campagnes halieutiques EVHOE (2008-2013), LANGOLF (2011-2013), NURSE (2000-2013), ORHAGO (2011-2015)",Antalis novemcostata,https://www.gbif.org/species/2284958
https://pndb.opendatasoft.com/explore/assets/distribution-de-antedon-petasus-cperm-7390-aphiaid-124210-en-atlantique/,"Distribution de Antedon petasus (CPERM 7390, AphiaID 124210) en ATLANTIQUE","Lien vers les données Distribution du taxon Antedon petasus établie à partir des données de densité d'abondance relative cumulées et krigées issues des campagnes halieutiques EVHOE (2008-2013), LANGOLF (2011-2013), NURSE (2000-2013), ORHAGO (2011-2015)",Antedon petasus,https://www.gbif.org/species/5187720
https://pndb.opendatasoft.com/explore/assets/distribution-de-aporrhais-pespelecani-cperm-261-aphiaid-138760-en-atlantique/,"Distribution de Aporrhais pespelecani (CPERM 261, AphiaID 138760) en ATLANTIQUE","Lien vers les données Distribution du taxon Aporrhais pespelecani établie à partir des données de densité d'abondance relative cumulées et krigées issues des campagnes halieutiques EVHOE (2008-2013), LANGOLF (2011-2013), NURSE (2000-2013), ORHAGO (2011-2015)",Aporrhais pespelecani,https://www.gbif.org/species/4361146
https://pndb.opendatasoft.com/explore/assets/distribution-de-asterias-rubens-cperm-1148-aphiaid-123776-en-atlantique/,"Distribution de Asterias rubens (CPERM 1148, AphiaID 123776) en ATLANTIQUE","Lien vers les données Distribution du taxon Asterias rubens établie à partir des données de densité d'abondance relative cumulées et krigées issues des campagnes halieutiques EVHOE (2008-2013), LANGOLF (2011-2013), NURSE (2000-2013), ORHAGO (2011-2015)",Asterias rubens,https://www.gbif.org/species/7765831
https://pndb.opendatasoft.com/explore/assets/distribution-de-asteronyx-loveni-cperm-6242-aphiaid-124951-en-atlantique/,"Distribution de Asteronyx loveni (CPERM 6242, AphiaID 124951) en ATLANTIQUE","Lien vers les données Distribution du taxon Asteronyx loveni établie à partir des données de densité d'abondance relative cumulées et krigées issues des campagnes halieutiques EVHOE (2008-2013), LANGOLF (2011-2013), NURSE (2000-2013), ORHAGO (2011-2015)",Asteronyx loveni,https://www.gbif.org/species/2278355
https://pndb.opendatasoft.com/explore/assets/distribution-de-astropecten-irregularis-cperm-7689-aphiaid-123867-en-atlantique/,"Distribution de Astropecten irregularis (CPERM 7689, AphiaID 123867) en ATLANTIQUE","Lien vers les données Distribution du taxon Astropecten irregularis établie à partir des données de densité d'abondance relative cumulées et krigées issues des campagnes halieutiques EVHOE (2008-2013), LANGOLF (2011-2013), NURSE (2000-2013), ORHAGO (2011-2015)",Astropecten irregularis,https://www.gbif.org/species/8236696
https://pndb.opendatasoft.com/explore/assets/distribution-de-atelecyclus-rotundatus-cperm-1050-aphiaid-107273-en-atlantique/,"Distribution de Atelecyclus rotundatus (CPERM 1050, AphiaID 107273) en ATLANTIQUE","Lien vers les données Distribution du taxon Atelecyclus rotundatus établie à partir des données de densité d'abondance relative cumulées et krigées issues des campagnes halieutiques EVHOE (2008-2013), LANGOLF (2011-2013), NURSE (2000-2013), ORHAGO (2011-2015)","Atelecyclus rotundatus, Atelecyclus rotundatus","https://www.gbif.org/species/2222070, https://www.gbif.org/species/2222070"
https://pndb.opendatasoft.com/explore/assets/distribution-de-atelecyclus-undecimdentatus-cperm-1051-aphiaid-107274-en-atlantique/,"Distribution de Atelecyclus undecimdentatus (CPERM 1051, AphiaID 107274) en ATLANTIQUE","Lien vers les données Distribution du taxon Atelecyclus undecimdentatus établie à partir des données de densité d'abondance relative cumulées et krigées issues des campagnes halieutiques EVHOE (2008-2013), LANGOLF (2011-2013), NURSE (2000-2013), ORHAGO (2011-2015)",Atelecyclus undecimdentatus,https://www.gbif.org/species/4307474
https://pndb.opendatasoft.com/explore/assets/distribution-de-berthella-plumula-cperm-7486-aphiaid-140812-en-atlantique/,"Distribution de Berthella plumula (CPERM 7486, AphiaID 140812) en ATLANTIQUE","Lien vers les données Distribution du taxon Berthella plumula établie à partir des données de densité d'abondance relative cumulées et krigées issues des campagnes halieutiques EVHOE (2008-2013), LANGOLF (2011-2013), NURSE (2000-2013), ORHAGO (2011-2015)",Berthella plumula,https://www.gbif.org/species/2302622
https://pndb.opendatasoft.com/explore/assets/distribution-de-brissopsis-lyrifera-cperm-4388-aphiaid-124373-en-atlantique/,"Distribution de Brissopsis lyrifera (CPERM 4388, AphiaID 124373) en ATLANTIQUE","Lien vers les données Distribution du taxon Brissopsis lyrifera établie à partir des données de densité d'abondance relative cumulées et krigées issues des campagnes halieutiques EVHOE (2008-2013), LANGOLF (2011-2013), NURSE (2000-2013), ORHAGO (2011-2015)",Brissopsis lyrifera,https://www.gbif.org/species/2278982
https://pndb.opendatasoft.com/explore/assets/distribution-de-buccinum-humphreysianum-cperm-301-aphiaid-138865-en-atlantique/,"Distribution de Buccinum humphreysianum (CPERM 301, AphiaID 138865) en ATLANTIQUE","Distribution du taxon Buccinum humphreysianum établie à partir des données de densité d'abondance relative cumulées et krigées issues des campagnes halieutiques EVHOE (2008-2013), LANGOLF (2011-2013), NURSE (2000-2013), ORHAGO (2011-2015)","Buccinum humphreysianum, Buccinum humphreysianum","https://www.gbif.org/species/4368594, https://www.gbif.org/species/4368594"
https://pndb.opendatasoft.com/explore/assets/distribution-de-buccinum-undatum-cperm-300-aphiaid-138878-en-atlantique/,"Distribution de Buccinum undatum (CPERM 300, AphiaID 138878) en ATLANTIQUE","Lien vers les données Distribution du taxon Buccinum undatum établie à partir des données de densité d'abondance relative cumulées et krigées issues des campagnes halieutiques EVHOE (2008-2013), LANGOLF (2011-2013), NURSE (2000-2013), ORHAGO (2011-2015)",Buccinum undatum,https://www.gbif.org/species/2305073
https://pndb.opendatasoft.com/explore/assets/distribution-de-calliactis-parasitica-cperm-4378-aphiaid-100946-en-atlantique/,"Distribution de Calliactis parasitica (CPERM 4378, AphiaID 100946) en ATLANTIQUE","Lien vers les données Distribution du taxon Calliactis parasitica établie à partir des données de densité d'abondance relative cumulées et krigées issues des campagnes halieutiques EVHOE (2008-2013), LANGOLF (2011-2013), NURSE (2000-2013), ORHAGO (2011-2015)","Calliactis parasitica, Calliactis parasitica","https://www.gbif.org/species/2257373, https://www.gbif.org/species/2257373"
https://pndb.opendatasoft.com/explore/assets/distribution-de-cancer-pagurus-cperm-1054-aphiaid-107276-en-atlantique/,"Distribution de Cancer pagurus (CPERM 1054, AphiaID 107276) en ATLANTIQUE","Lien vers les données Distribution du taxon Cancer pagurus établie à partir des données de densité d'abondance relative cumulées et krigées issues des campagnes halieutiques EVHOE (2008-2013), LANGOLF (2011-2013), NURSE (2000-2013), ORHAGO (2011-2015)",Cancer pagurus,https://www.gbif.org/species/2222085
https://pndb.opendatasoft.com/explore/assets/distribution-de-chlorotocus-crassicornis-cperm-886-aphiaid-107642-en-atlantique/,"Distribution de Chlorotocus crassicornis (CPERM 886, AphiaID 107642) en ATLANTIQUE","Lien vers les données Distribution du taxon Chlorotocus crassicornis établie à partir des données de densité d'abondance relative cumulées et krigées issues des campagnes halieutiques EVHOE (2008-2013), LANGOLF (2011-2013), NURSE (2000-2013), ORHAGO (2011-2015)",Chlorotocus crassicornis,https://www.gbif.org/species/2222495
https://pndb.opendatasoft.com/explore/assets/distribution-de-cidaris-cidaris-cperm-6812-aphiaid-124257-en-atlantique/,"Distribution de Cidaris cidaris (CPERM 6812, AphiaID 124257) en ATLANTIQUE","Lien vers les données Distribution du taxon Cidaris cidaris établie à partir des données de densité d'abondance relative cumulées et krigées issues des campagnes halieutiques EVHOE (2008-2013), LANGOLF (2011-2013), NURSE (2000-2013), ORHAGO (2011-2015)",Cidaris cidaris,https://www.gbif.org/species/5188135
https://pndb.opendatasoft.com/explore/assets/distribution-de-colus-gracilis-cperm-4253-aphiaid-138899-en-atlantique/,"Distribution de Colus gracilis (CPERM 4253, AphiaID 138899) en ATLANTIQUE","Lien vers les données Distribution du taxon Colus gracilis établie à partir des données de densité d'abondance relative cumulées et krigées issues des campagnes halieutiques EVHOE (2008-2013), LANGOLF (2011-2013), NURSE (2000-2013), ORHAGO (2011-2015)",Colus gracilis,https://www.gbif.org/species/5193509
https://pndb.opendatasoft.com/explore/assets/distribution-de-corbula-gibba-cperm-454-aphiaid-139410-en-atlantique/,"Distribution de Corbula gibba (CPERM 454, AphiaID 139410) en ATLANTIQUE","Lien vers les données Distribution du taxon Corbula gibba établie à partir des données de densité d'abondance relative cumulées et krigées issues des campagnes halieutiques EVHOE (2008-2013), LANGOLF (2011-2013), NURSE (2000-2013), ORHAGO (2011-2015)",Corbula gibba,https://www.gbif.org/species/2288892
https://pndb.opendatasoft.com/explore/assets/distribution-de-crangon-allmanni-cperm-932-aphiaid-107551-en-atlantique/,"Distribution de Crangon allmanni (CPERM 932, AphiaID 107551) en ATLANTIQUE","Distribution du taxon Crangon allmanni établie à partir des données de densité d'abondance relative cumulées et krigées issues des campagnes halieutiques EVHOE (2008-2013), LANGOLF (2011-2013), NURSE (2000-2013), ORHAGO (2011-2015)","Crangon allmanni, Crangon allmanni","https://www.gbif.org/species/2222168, https://www.gbif.org/species/2222168"
https://pndb.opendatasoft.com/explore/assets/distribution-de-crangon-crangon-cperm-931-aphiaid-107552-en-atlantique/,"Distribution de Crangon crangon (CPERM 931, AphiaID 107552) en ATLANTIQUE","Lien vers les données Distribution du taxon Crangon crangon établie à partir des données de densité d'abondance relative cumulées et krigées issues des campagnes halieutiques EVHOE (2008-2013), LANGOLF (2011-2013), NURSE (2000-2013), ORHAGO (2011-2015)",Crangon crangon,https://www.gbif.org/species/2222188
https://pndb.opendatasoft.com/explore/assets/distribution-de-dichelopandalus-bonnieri-cperm-3195-aphiaid-107643-en-atlantique/,"Distribution de Dichelopandalus bonnieri (CPERM 3195, AphiaID 107643) en ATLANTIQUE","Lien vers les données Distribution du taxon Dichelopandalus bonnieri établie à partir des données de densité d'abondance relative cumulées et krigées issues des campagnes halieutiques EVHOE (2008-2013), LANGOLF (2011-2013), NURSE (2000-2013), ORHAGO (2011-2015)",Dichelopandalus bonnieri,https://www.gbif.org/species/2222505
https://pndb.opendatasoft.com/explore/assets/distribution-de-diogenes-pugilator-cperm-987-aphiaid-107199-en-atlantique/,"Distribution de Diogenes pugilator (CPERM 987, AphiaID 107199) en ATLANTIQUE","Lien vers les données Distribution du taxon Diogenes pugilator établie à partir des données de densité d'abondance relative cumulées et krigées issues des campagnes halieutiques EVHOE (2008-2013), LANGOLF (2011-2013), NURSE (2000-2013), ORHAGO (2011-2015)",Diogenes pugilator,https://www.gbif.org/species/5716791
https://pndb.opendatasoft.com/explore/assets/distribution-de-distolambrus-maltzami-cperm-7199-aphiaid-442261-en-atlantique/,"Distribution de Distolambrus maltzami (CPERM 7199, AphiaID 442261) en ATLANTIQUE","Lien vers les données Distribution du taxon Distolambrus maltzami établie à partir des données de densité d'abondance relative cumulées et krigées issues des campagnes halieutiques EVHOE (2008-2013), LANGOLF (2011-2013), NURSE (2000-2013), ORHAGO (2011-2015)","Distolambrus maltzami, Distolambrus maltzami","https://www.gbif.org/species/5973775, https://www.gbif.org/species/5973775"
https://pndb.opendatasoft.com/explore/assets/distribution-de-echinocardium-cordatum-cperm-1164-aphiaid-124392-en-atlantique/,"Distribution de Echinocardium cordatum (CPERM 1164, AphiaID 124392) en ATLANTIQUE","Lien vers les données Distribution du taxon Echinocardium cordatum établie à partir des données de densité d'abondance relative cumulées et krigées issues des campagnes halieutiques EVHOE (2008-2013), LANGOLF (2011-2013), NURSE (2000-2013), ORHAGO (2011-2015)",Echinocardium cordatum,https://www.gbif.org/species/2278938
https://pndb.opendatasoft.com/explore/assets/distribution-de-echinus-melo-cperm-1169-aphiaid-124294-en-atlantique/,"Distribution de Echinus melo (CPERM 1169, AphiaID 124294) en ATLANTIQUE","Lien vers les données Distribution du taxon Echinus melo établie à partir des données de densité d'abondance relative cumulées et krigées issues des campagnes halieutiques EVHOE (2008-2013), LANGOLF (2011-2013), NURSE (2000-2013), ORHAGO (2011-2015)",Echinus melo,https://www.gbif.org/species/5188136
https://pndb.opendatasoft.com/explore/assets/distribution-de-eledone-cirrhosa-cperm-522-aphiaid-140600-en-atlantique/,"Distribution de Eledone cirrhosa (CPERM 522, AphiaID 140600) en ATLANTIQUE","Lien vers les données Distribution du taxon Eledone cirrhosa établie à partir des données de densité d'abondance relative cumulées et krigées issues des campagnes halieutiques EVHOE (2008-2013), LANGOLF (2011-2013), NURSE (2000-2013), ORHAGO (2011-2015)",Eledone cirrhosa,https://www.gbif.org/species/2289348
https://pndb.opendatasoft.com/explore/assets/distribution-de-gastropteron-rubrum-cperm-7098-aphiaid-181212-en-atlantique/,"Distribution de Gastropteron rubrum (CPERM 7098, AphiaID 181212) en ATLANTIQUE","Lien vers les données Distribution du taxon Gastropteron rubrum établie à partir des données de densité d'abondance relative cumulées et krigées issues des campagnes halieutiques EVHOE (2008-2013), LANGOLF (2011-2013), NURSE (2000-2013), ORHAGO (2011-2015)",Gastropteron rubrum,https://www.gbif.org/species/2291667
https://pndb.opendatasoft.com/explore/assets/distribution-de-gracilechinus-acutus-cperm-4235-aphiaid-532031-en-atlantique/,"Distribution de Gracilechinus acutus (CPERM 4235, AphiaID 532031) en ATLANTIQUE","Distribution du taxon Gracilechinus acutus établie à partir des données de densité d'abondance relative cumulées et krigées issues des campagnes halieutiques EVHOE (2008-2013), LANGOLF (2011-2013), NURSE (2000-2013), ORHAGO (2011-2015)",Gracilechinus acutus,https://www.gbif.org/species/5964736
https://pndb.opendatasoft.com/explore/assets/distribution-de-hyalinoecia-tubicola-cperm-3241-aphiaid-130464-en-atlantique/,"Distribution de Hyalinoecia tubicola (CPERM 3241, AphiaID 130464) en ATLANTIQUE","Lien vers les données Distribution du taxon Hyalinoecia tubicola établie à partir des données de densité d'abondance relative cumulées et krigées issues des campagnes halieutiques EVHOE (2008-2013), LANGOLF (2011-2013), NURSE (2000-2013), ORHAGO (2011-2015)",Hyalinoecia tubicola,https://www.gbif.org/species/2323267
https://pndb.opendatasoft.com/explore/assets/distribution-de-hymenodiscus-coronata-cperm-7197-aphiaid-381759-en-atlantique/,"Distribution de Hymenodiscus coronata (CPERM 7197, AphiaID 381759) en ATLANTIQUE","Lien vers les données Distribution du taxon Hymenodiscus coronata établie à partir des données de densité d'abondance relative cumulées et krigées issues des campagnes halieutiques EVHOE (2008-2013), LANGOLF (2011-2013), NURSE (2000-2013), ORHAGO (2011-2015)",Hymenodiscus coronata,https://www.gbif.org/species/2273283
https://pndb.opendatasoft.com/explore/assets/distribution-de-inachus-dorsettensis-cperm-1128-aphiaid-107327-en-atlantique/,"Distribution de Inachus dorsettensis (CPERM 1128, AphiaID 107327) en ATLANTIQUE","Distribution du taxon Inachus dorsettensis établie à partir des données de densité d'abondance relative cumulées et krigées issues des campagnes halieutiques EVHOE (2008-2013), LANGOLF (2011-2013), NURSE (2000-2013), ORHAGO (2011-2015)","Inachus dorsettensis, Inachus dorsettensis","https://www.gbif.org/species/5178706, https://www.gbif.org/species/5178706"
https://pndb.opendatasoft.com/explore/assets/distribution-de-inachus-leptochirus-cperm-1126-aphiaid-107330-en-atlantique/,"Distribution de Inachus leptochirus (CPERM 1126, AphiaID 107330) en ATLANTIQUE","Distribution du taxon Inachus leptochirus établie à partir des données de densité d'abondance relative cumulées et krigées issues des campagnes halieutiques EVHOE (2008-2013), LANGOLF (2011-2013), NURSE (2000-2013), ORHAGO (2011-2015)","Inachus leptochirus, Inachus leptochirus","https://www.gbif.org/species/5178707, https://www.gbif.org/species/5178707"
https://pndb.opendatasoft.com/explore/assets/distribution-de-kaloplocamus-ramosus-cperm-7482-aphiaid-141710-en-atlantique/,"Distribution de Kaloplocamus ramosus (CPERM 7482, AphiaID 141710) en ATLANTIQUE","Lien vers les données Distribution du taxon Kaloplocamus ramosus établie à partir des données de densité d'abondance relative cumulées et krigées issues des campagnes halieutiques EVHOE (2008-2013), LANGOLF (2011-2013), NURSE (2000-2013), ORHAGO (2011-2015)",Kaloplocamus ramosus,https://www.gbif.org/species/2291839
https://pndb.opendatasoft.com/explore/assets/distribution-de-la-faune-et-flore-marine-au-large-de-lile-de-re-synthese-1941/,Distribution de la faune et flore marine au large de l’île de Ré. Synthèse 1941,"Lien vers les données La distribution de plusieurs espèces de la faune et flore marine au large de l’île de Ré est présentée sous forme d’une carte de synthèse. Cette carte est issue de l’ouvrage de Papy (1941) « La côte atlantique de la Loire à la Gironde. Tome premier » publié par l’Université de Bordeaux et en constitue la figure 83 p. 232. La synthèse peut être datée des années 1920-1930 car elle est basée sur les travaux de cartographie des herbiers de Zostères sur Ré par de Beauchamp (1923) et la planche n° 29 de l’Atlas de France par Prenant. La répartition des zostères (Zostera marina et Zostera noltii), des pholades (Pholas dactilus), de la coque commune (Cerastoderma edule), du pétoncle (Mimachlamys varia noté Chlamys varia), de l’huître portugaise (Crassostrea angulata), des moules (Mytilus edulis) et des algues Himanthalia elongata notée Himanthalia lorea, Chondrus crispus et des champs de laminaires est détaillée Pour les zostères, les contours proposés par Papy (1941) ont été remplacés par les contours issus de la planche originale par de Beauchamp (1923).","Chlamys varia, Chondrus crispus, Himanthalia elongata, Himanthalia lorea, Pholas dactilus","https://www.gbif.org/species/5188879, https://www.gbif.org/species/5279115, https://www.gbif.org/species/3197836, https://www.gbif.org/species/3197841, https://www.gbif.org/species/2288792"
https://pndb.opendatasoft.com/explore/assets/distribution-de-labondance-du-puffin-de-scopoli-en-mer-mediterranee/,Distribution de l'abondance du Puffin de Scopoli en Mer Méditerranée,"Lien vers les données Distribution du puffin de Scopoli (Calonectris diomedea) en Mer Méditerranée pendant la saison estivale. Les relevés par échantillonnage à distance sont largement utilisées pour estimer l'abondance d'espèces à large répartition, mais elles sont sujettes à des biais de détection. Ce problème peut être particulièrement aigu pour les protocoles de transects en bandes, qui supposent une détection parfaite. Nous avons examiné cette hypothèse en quantifiant la probabilité de détection d'un oiseau marin en déclin (le puffin de Scopoli, Calonectris diomedea), en accordant une attention particulière à l'heure du jour et aux conditions d'observation en mer. Nous avons constaté que la probabilité de détection était affectée négativement par l'éblouissement du soleil, mais positivement par la couverture nuageuse, et qu'elle diminuait considérablement au milieu de la journée en raison de changements circadiens dans le comportement (détectabilité réduite pendant le repos). Ce résultat incite à évaluer et à corriger systématiquement le biais de détection lors de l'utilisation de données de transects en bandes pour dériver des informations sur l'abondance. Pour ce faire, nous avons construit un modèle d'ensemble de présence-absence corrigé de la détection et l'avons combiné avec une compilation des tailles et des emplacements des colonies. Une simulation de Monte-Carlo a assuré la propagation de l'incertitude au sein des sources de données et entre elles. La carte d'abondance corrigée a montré que les puffins étaient largement répandus en Méditerranée centrale, la Tunisie abritant la majeure partie de la population en mer et dans les colonies (45% de la population mondiale ; 79% des couples reproducteurs). Cette première carte précise est un outil de conservation essentiel, soulignant l'importance des actions transnationales pour de telles espèces, qui ne connaissent pas de frontières politiques.",Calonectris diomedea,https://www.gbif.org/species/2481521
https://pndb.opendatasoft.com/explore/assets/distribution-de-lagis-koreni-cperm-208-aphiaid-152367-en-atlantique/,"Distribution de Lagis koreni (CPERM 208, AphiaID 152367) en ATLANTIQUE","Lien vers les données Distribution du taxon Lagis koreni établie à partir des données de densité d'abondance relative cumulées et krigées issues des campagnes halieutiques EVHOE (2008-2013), LANGOLF (2011-2013), NURSE (2000-2013), ORHAGO (2011-2015)",Lagis koreni,https://www.gbif.org/species/2324317
https://pndb.opendatasoft.com/explore/assets/distribution-de-lamellaria-perspicua-cperm-7104-aphiaid-140173-en-atlantique/,"Distribution de Lamellaria perspicua (CPERM 7104, AphiaID 140173) en ATLANTIQUE","Lien vers les données Distribution du taxon Lamellaria perspicua établie à partir des données de densité d'abondance relative cumulées et krigées issues des campagnes halieutiques EVHOE (2008-2013), LANGOLF (2011-2013), NURSE (2000-2013), ORHAGO (2011-2015)",Lamellaria perspicua,https://www.gbif.org/species/5192990
https://pndb.opendatasoft.com/explore/assets/distribution-de-leptopentacta-elongata-cperm-2203-aphiaid-124635-en-atlantique/,"Distribution de Leptopentacta elongata (CPERM 2203, AphiaID 124635) en ATLANTIQUE","Lien vers les données Distribution du taxon Leptopentacta elongata établie à partir des données de densité d'abondance relative cumulées et krigées issues des campagnes halieutiques EVHOE (2008-2013), LANGOLF (2011-2013), NURSE (2000-2013), ORHAGO (2011-2015)","Leptopentacta elongata, Leptopentacta elongata","https://www.gbif.org/species/4342489, https://www.gbif.org/species/4342489"
https://pndb.opendatasoft.com/explore/assets/distribution-de-liocarcinus-depurator-cperm-1069-aphiaid-107387-en-atlantique/,"Distribution de Liocarcinus depurator (CPERM 1069, AphiaID 107387) en ATLANTIQUE","Distribution du taxon Liocarcinus depurator établie à partir des données de densité d'abondance relative cumulées et krigées issues des campagnes halieutiques EVHOE (2008-2013), LANGOLF (2011-2013), NURSE (2000-2013), ORHAGO (2011-2015)","Liocarcinus depurator, Liocarcinus depurator","https://www.gbif.org/species/9577510, https://www.gbif.org/species/9577510"
https://pndb.opendatasoft.com/explore/assets/distribution-de-liocarcinus-marmoreus-cperm-1074-aphiaid-107390-en-atlantique/,"Distribution de Liocarcinus marmoreus (CPERM 1074, AphiaID 107390) en ATLANTIQUE","Lien vers les données Distribution du taxon Liocarcinus marmoreus établie à partir des données de densité d'abondance relative cumulées et krigées issues des campagnes halieutiques EVHOE (2008-2013), LANGOLF (2011-2013), NURSE (2000-2013), ORHAGO (2011-2015)",Liocarcinus marmoreus,https://www.gbif.org/species/4307250
https://pndb.opendatasoft.com/explore/assets/distribution-de-liocarcinus-vernalis-cperm-1075-aphiaid-107394-en-atlantique/,"Distribution de Liocarcinus vernalis (CPERM 1075, AphiaID 107394) en ATLANTIQUE","Distribution du taxon Liocarcinus vernalis établie à partir des données de densité d'abondance relative cumulées et krigées issues des campagnes halieutiques EVHOE (2008-2013), LANGOLF (2011-2013), NURSE (2000-2013), ORHAGO (2011-2015)","Liocarcinus vernalis, Liocarcinus vernalis","https://www.gbif.org/species/4307266, https://www.gbif.org/species/4307266"
https://pndb.opendatasoft.com/explore/assets/distribution-de-luidia-ciliaris-cperm-3009-aphiaid-123920-en-atlantique/,"Distribution de Luidia ciliaris (CPERM 3009, AphiaID 123920) en ATLANTIQUE","Lien vers les données Distribution du taxon Luidia ciliaris établie à partir des données de densité d'abondance relative cumulées et krigées issues des campagnes halieutiques EVHOE (2008-2013), LANGOLF (2011-2013), NURSE (2000-2013), ORHAGO (2011-2015)",Luidia ciliaris,https://www.gbif.org/species/2270661
https://pndb.opendatasoft.com/explore/assets/distribution-de-luidia-sarsii-cperm-4414-aphiaid-123922-en-atlantique/,"Distribution de Luidia sarsii (CPERM 4414, AphiaID 123922) en ATLANTIQUE","Lien vers les données Distribution du taxon Luidia sarsii établie à partir des données de densité d'abondance relative cumulées et krigées issues des campagnes halieutiques EVHOE (2008-2013), LANGOLF (2011-2013), NURSE (2000-2013), ORHAGO (2011-2015)",Luidia sarsii,https://www.gbif.org/species/2270638
https://pndb.opendatasoft.com/explore/assets/distribution-de-macropipus-tuberculatus-cperm-1066-aphiaid-107397-en-atlantique/,"Distribution de Macropipus tuberculatus (CPERM 1066, AphiaID 107397) en ATLANTIQUE","Lien vers les données Distribution du taxon Macropipus tuberculatus établie à partir des données de densité d'abondance relative cumulées et krigées issues des campagnes halieutiques EVHOE (2008-2013), LANGOLF (2011-2013), NURSE (2000-2013), ORHAGO (2011-2015)",Macropipus tuberculatus,https://www.gbif.org/species/2225620
https://pndb.opendatasoft.com/explore/assets/distribution-de-macropodia-rostrata-cperm-1136-aphiaid-107345-en-atlantique/,"Distribution de Macropodia rostrata (CPERM 1136, AphiaID 107345) en ATLANTIQUE","Distribution du taxon Macropodia rostrata établie à partir des données de densité d'abondance relative cumulées et krigées issues des campagnes halieutiques EVHOE (2008-2013), LANGOLF (2011-2013), NURSE (2000-2013), ORHAGO (2011-2015)","Macropodia rostrata, Macropodia rostrata","https://www.gbif.org/species/5178697, https://www.gbif.org/species/5178697"
https://pndb.opendatasoft.com/explore/assets/distribution-de-macropodia-tenuirostris-cperm-1135-aphiaid-107346-en-atlantique/,"Distribution de Macropodia tenuirostris (CPERM 1135, AphiaID 107346) en ATLANTIQUE","Lien vers les données Distribution du taxon Macropodia tenuirostris établie à partir des données de densité d'abondance relative cumulées et krigées issues des campagnes halieutiques EVHOE (2008-2013), LANGOLF (2011-2013), NURSE (2000-2013), ORHAGO (2011-2015)",Macropodia tenuirostris,https://www.gbif.org/species/5178695
https://pndb.opendatasoft.com/explore/assets/distribution-de-mactra-stultorum-cperm-392-aphiaid-140299-en-atlantique/,"Distribution de Mactra stultorum (CPERM 392, AphiaID 140299) en ATLANTIQUE","Lien vers les données Distribution du taxon Mactra stultorum établie à partir des données de densité d'abondance relative cumulées et krigées issues des campagnes halieutiques EVHOE (2008-2013), LANGOLF (2011-2013), NURSE (2000-2013), ORHAGO (2011-2015)",Mactra stultorum,https://www.gbif.org/species/2286383
https://pndb.opendatasoft.com/explore/assets/distribution-de-munida-intermedia-cperm-1017-aphiaid-107157-en-atlantique/,"Distribution de Munida intermedia (CPERM 1017, AphiaID 107157) en ATLANTIQUE","Lien vers les données Distribution du taxon Munida intermedia établie à partir des données de densité d'abondance relative cumulées et krigées issues des campagnes halieutiques EVHOE (2008-2013), LANGOLF (2011-2013), NURSE (2000-2013), ORHAGO (2011-2015)",Munida intermedia,https://www.gbif.org/species/4311018
https://pndb.opendatasoft.com/explore/assets/distribution-de-munida-rugosa-cperm-1016-aphiaid-107160-en-atlantique/,"Distribution de Munida rugosa (CPERM 1016, AphiaID 107160) en ATLANTIQUE","Lien vers les données Distribution du taxon Munida rugosa établie à partir des données de densité d'abondance relative cumulées et krigées issues des campagnes halieutiques EVHOE (2008-2013), LANGOLF (2011-2013), NURSE (2000-2013), ORHAGO (2011-2015)",Munida rugosa,https://www.gbif.org/species/2222603
https://pndb.opendatasoft.com/explore/assets/distribution-de-nassarius-reticulatus-cperm-305-aphiaid-140513-en-atlantique/,"Distribution de Nassarius reticulatus (CPERM 305, AphiaID 140513) en ATLANTIQUE","Lien vers les données Distribution du taxon Nassarius reticulatus établie à partir des données de densité d'abondance relative cumulées et krigées issues des campagnes halieutiques EVHOE (2008-2013), LANGOLF (2011-2013), NURSE (2000-2013), ORHAGO (2011-2015)",Nassarius reticulatus,https://www.gbif.org/species/2303019
https://pndb.opendatasoft.com/explore/assets/distribution-de-necora-puber-cperm-1076-aphiaid-107398-en-atlantique/,"Distribution de Necora puber (CPERM 1076, AphiaID 107398) en ATLANTIQUE","Lien vers les données Distribution du taxon Necora puber établie à partir des données de densité d'abondance relative cumulées et krigées issues des campagnes halieutiques EVHOE (2008-2013), LANGOLF (2011-2013), NURSE (2000-2013), ORHAGO (2011-2015)",Necora puber,https://www.gbif.org/species/9736038
https://pndb.opendatasoft.com/explore/assets/distribution-de-nucula-nitidosa-cperm-7683-aphiaid-140589-en-atlantique/,"Distribution de Nucula nitidosa (CPERM 7683, AphiaID 140589) en ATLANTIQUE","Lien vers les données Distribution du taxon Nucula nitidosa établie à partir des données de densité d'abondance relative cumulées et krigées issues des campagnes halieutiques EVHOE (2008-2013), LANGOLF (2011-2013), NURSE (2000-2013), ORHAGO (2011-2015)",Nucula nitidosa,https://www.gbif.org/species/2285577
https://pndb.opendatasoft.com/explore/assets/distribution-de-nymphaster-arenatus-cperm-7193-aphiaid-124048-en-atlantique/,"Distribution de Nymphaster arenatus (CPERM 7193, AphiaID 124048) en ATLANTIQUE","Distribution du taxon Nymphaster arenatus établie à partir des données de densité d'abondance relative cumulées et krigées issues des campagnes halieutiques EVHOE (2008-2013), LANGOLF (2011-2013), NURSE (2000-2013), ORHAGO (2011-2015)","Nymphaster arenatus, Nymphaster arenatus","https://www.gbif.org/species/2271680, https://www.gbif.org/species/2271680"
https://pndb.opendatasoft.com/explore/assets/distribution-de-ophiothrix-luetkeni-cperm-3550-aphiaid-125134-en-atlantique/,"Distribution de Ophiothrix luetkeni (CPERM 3550, AphiaID 125134) en ATLANTIQUE","Lien vers les données Distribution du taxon Ophiothrix luetkeni établie à partir des données de densité d'abondance relative cumulées et krigées issues des campagnes halieutiques EVHOE (2008-2013), LANGOLF (2011-2013), NURSE (2000-2013), ORHAGO (2011-2015)","Ophiothrix luetkeni, Ophiothrix luetkeni","https://www.gbif.org/species/5187800, https://www.gbif.org/species/5187800"
https://pndb.opendatasoft.com/explore/assets/distribution-de-ophiura-albida-cperm-1156-aphiaid-124913-en-atlantique/,"Distribution de Ophiura albida (CPERM 1156, AphiaID 124913) en ATLANTIQUE","Distribution du taxon Ophiura albida établie à partir des données de densité d'abondance relative cumulées et krigées issues des campagnes halieutiques EVHOE (2008-2013), LANGOLF (2011-2013), NURSE (2000-2013), ORHAGO (2011-2015)","Ophiura albida, Ophiura albida","https://www.gbif.org/species/2277002, https://www.gbif.org/species/2277002"
https://pndb.opendatasoft.com/explore/assets/distribution-de-ophiura-ophiura-cperm-1155-aphiaid-124929-en-atlantique/,"Distribution de Ophiura ophiura (CPERM 1155, AphiaID 124929) en ATLANTIQUE","Lien vers les données Distribution du taxon Ophiura ophiura établie à partir des données de densité d'abondance relative cumulées et krigées issues des campagnes halieutiques EVHOE (2008-2013), LANGOLF (2011-2013), NURSE (2000-2013), ORHAGO (2011-2015)",Ophiura ophiura,https://www.gbif.org/species/2276905
https://pndb.opendatasoft.com/explore/assets/distribution-de-palaemon-serratus-cperm-920-aphiaid-107616-en-atlantique/,"Distribution de Palaemon serratus (CPERM 920, AphiaID 107616) en ATLANTIQUE","Lien vers les données Distribution du taxon Palaemon serratus établie à partir des données de densité d'abondance relative cumulées et krigées issues des campagnes halieutiques EVHOE (2008-2013), LANGOLF (2011-2013), NURSE (2000-2013), ORHAGO (2011-2015)",Palaemon serratus,https://www.gbif.org/species/2224987
https://pndb.opendatasoft.com/explore/assets/distribution-de-parastichopus-regalis-cperm-1177-aphiaid-149898-en-atlantique/,"Distribution de Parastichopus regalis (CPERM 1177, AphiaID 149898) en ATLANTIQUE","Lien vers les données Distribution du taxon Parastichopus regalis établie à partir des données de densité d'abondance relative cumulées et krigées issues des campagnes halieutiques EVHOE (2008-2013), LANGOLF (2011-2013), NURSE (2000-2013), ORHAGO (2011-2015)",Parastichopus regalis,https://www.gbif.org/species/4343270
https://pndb.opendatasoft.com/explore/assets/distribution-de-parastichopus-tremulus-cperm-7273-aphiaid-124535-en-atlantique/,"Distribution de Parastichopus tremulus (CPERM 7273, AphiaID 124535) en ATLANTIQUE","Lien vers les données Distribution du taxon Parastichopus tremulus établie à partir des données de densité d'abondance relative cumulées et krigées issues des campagnes halieutiques EVHOE (2008-2013), LANGOLF (2011-2013), NURSE (2000-2013), ORHAGO (2011-2015)",Parastichopus tremulus,https://www.gbif.org/species/2279107
https://pndb.opendatasoft.com/explore/assets/distribution-de-pasiphaea-multidentata-cperm-867-aphiaid-107676-en-atlantique/,"Distribution de Pasiphaea multidentata (CPERM 867, AphiaID 107676) en ATLANTIQUE","Lien vers les données Distribution du taxon Pasiphaea multidentata établie à partir des données de densité d'abondance relative cumulées et krigées issues des campagnes halieutiques EVHOE (2008-2013), LANGOLF (2011-2013), NURSE (2000-2013), ORHAGO (2011-2015)","Pasiphaea multidentata, Pasiphaea multidentata","https://www.gbif.org/species/2222275, https://www.gbif.org/species/2222275"
https://pndb.opendatasoft.com/explore/assets/distribution-de-pasiphaea-sivado-cperm-868-aphiaid-107677-en-atlantique/,"Distribution de Pasiphaea sivado (CPERM 868, AphiaID 107677) en ATLANTIQUE","Lien vers les données Distribution du taxon Pasiphaea sivado établie à partir des données de densité d'abondance relative cumulées et krigées issues des campagnes halieutiques EVHOE (2008-2013), LANGOLF (2011-2013), NURSE (2000-2013), ORHAGO (2011-2015)",Pasiphaea sivado,https://www.gbif.org/species/2222279
https://pndb.opendatasoft.com/explore/assets/distribution-de-peltaster-placenta-cperm-3685-aphiaid-124055-en-atlantique/,"Distribution de Peltaster placenta (CPERM 3685, AphiaID 124055) en ATLANTIQUE","Lien vers les données Distribution du taxon Peltaster placenta établie à partir des données de densité d'abondance relative cumulées et krigées issues des campagnes halieutiques EVHOE (2008-2013), LANGOLF (2011-2013), NURSE (2000-2013), ORHAGO (2011-2015)",Peltaster placenta,https://www.gbif.org/species/5186925
https://pndb.opendatasoft.com/explore/assets/distribution-de-pennatula-phosphorea-cperm-134-aphiaid-128517-en-atlantique/,"Distribution de Pennatula phosphorea (CPERM 134, AphiaID 128517) en ATLANTIQUE","Lien vers les données Distribution du taxon Pennatula phosphorea établie à partir des données de densité d'abondance relative cumulées et krigées issues des campagnes halieutiques EVHOE (2008-2013), LANGOLF (2011-2013), NURSE (2000-2013), ORHAGO (2011-2015)",Pennatula phosphorea,https://www.gbif.org/species/2258697
https://pndb.opendatasoft.com/explore/assets/distribution-de-philine-aperta-cperm-317-aphiaid-140744-en-atlantique/,"Distribution de Philine aperta (CPERM 317, AphiaID 140744) en ATLANTIQUE","Lien vers les données Distribution du taxon Philine aperta établie à partir des données de densité d'abondance relative cumulées et krigées issues des campagnes halieutiques EVHOE (2008-2013), LANGOLF (2011-2013), NURSE (2000-2013), ORHAGO (2011-2015)",Philine aperta,https://www.gbif.org/species/2291554
https://pndb.opendatasoft.com/explore/assets/distribution-de-plesionika-heterocarpus-cperm-883-aphiaid-107660-en-atlantique/,"Distribution de Plesionika heterocarpus (CPERM 883, AphiaID 107660) en ATLANTIQUE","Lien vers les données Distribution du taxon Plesionika heterocarpus établie à partir des données de densité d'abondance relative cumulées et krigées issues des campagnes halieutiques EVHOE (2008-2013), LANGOLF (2011-2013), NURSE (2000-2013), ORHAGO (2011-2015)","Plesionika heterocarpus, Plesionika heterocarpus","https://www.gbif.org/species/2222416, https://www.gbif.org/species/2222416"
https://pndb.opendatasoft.com/explore/assets/distribution-de-plesionika-martia-cperm-884-aphiaid-107661-en-atlantique/,"Distribution de Plesionika martia (CPERM 884, AphiaID 107661) en ATLANTIQUE","Distribution du taxon Plesionika martia établie à partir des données de densité d'abondance relative cumulées et krigées issues des campagnes halieutiques EVHOE (2008-2013), LANGOLF (2011-2013), NURSE (2000-2013), ORHAGO (2011-2015)","Plesionika martia, Plesionika martia","https://www.gbif.org/species/2222385, https://www.gbif.org/species/2222385"
https://pndb.opendatasoft.com/explore/assets/distribution-de-polybius-henslowii-cperm-1077-aphiaid-107399-en-atlantique/,"Distribution de Polybius henslowii (CPERM 1077, AphiaID 107399) en ATLANTIQUE","Lien vers les données Distribution du taxon Polybius henslowii établie à partir des données de densité d'abondance relative cumulées et krigées issues des campagnes halieutiques EVHOE (2008-2013), LANGOLF (2011-2013), NURSE (2000-2013), ORHAGO (2011-2015)",Polybius henslowii,https://www.gbif.org/species/4307272
https://pndb.opendatasoft.com/explore/assets/distribution-de-polycheles-typhlops-cperm-953-aphiaid-107696-en-atlantique/,"Distribution de Polycheles typhlops (CPERM 953, AphiaID 107696) en ATLANTIQUE","Lien vers les données Distribution du taxon Polycheles typhlops établie à partir des données de densité d'abondance relative cumulées et krigées issues des campagnes halieutiques EVHOE (2008-2013), LANGOLF (2011-2013), NURSE (2000-2013), ORHAGO (2011-2015)","Polycheles typhlops, Polycheles typhlops","https://www.gbif.org/species/5970948, https://www.gbif.org/species/5970948"
https://pndb.opendatasoft.com/explore/assets/distribution-de-pontophilus-spinosus-cperm-934-aphiaid-107564-en-atlantique/,"Distribution de Pontophilus spinosus (CPERM 934, AphiaID 107564) en ATLANTIQUE","Lien vers les données Distribution du taxon Pontophilus spinosus établie à partir des données de densité d'abondance relative cumulées et krigées issues des campagnes halieutiques EVHOE (2008-2013), LANGOLF (2011-2013), NURSE (2000-2013), ORHAGO (2011-2015)",Pontophilus spinosus,https://www.gbif.org/species/2222129
https://pndb.opendatasoft.com/explore/assets/distribution-de-processa-nouveli-holthuisi-cperm-915-aphiaid-108344-en-atlantique/,"Distribution de Processa nouveli holthuisi (CPERM 915, AphiaID 108344) en ATLANTIQUE","Lien vers les données Distribution du taxon Processa nouveli holthuisi établie à partir des données de densité d'abondance relative cumulées et krigées issues des campagnes halieutiques EVHOE (2008-2013), LANGOLF (2011-2013), NURSE (2000-2013), ORHAGO (2011-2015)",Processa nouveli,https://www.gbif.org/species/4310278
https://pndb.opendatasoft.com/explore/assets/distribution-de-psammechinus-miliaris-cperm-1172-aphiaid-124319-en-atlantique/,"Distribution de Psammechinus miliaris (CPERM 1172, AphiaID 124319) en ATLANTIQUE","Distribution du taxon Psammechinus miliaris établie à partir des données de densité d'abondance relative cumulées et krigées issues des campagnes halieutiques EVHOE (2008-2013), LANGOLF (2011-2013), NURSE (2000-2013), ORHAGO (2011-2015)","Psammechinus miliaris, Psammechinus miliaris","https://www.gbif.org/species/9808074, https://www.gbif.org/species/9808074"
https://pndb.opendatasoft.com/explore/assets/distribution-de-pteroeides-griseum-cperm-3006-aphiaid-181504-en-atlantique/,"Distribution de Pteroeides griseum (CPERM 3006, AphiaID 181504) en ATLANTIQUE","Lien vers les données Distribution du taxon Pteroeides griseum établie à partir des données de densité d'abondance relative cumulées et krigées issues des campagnes halieutiques EVHOE (2008-2013), LANGOLF (2011-2013), NURSE (2000-2013), ORHAGO (2011-2015)",Pteroeides griseum,https://www.gbif.org/species/4339740
https://pndb.opendatasoft.com/explore/assets/distribution-de-pycnogonum-litorale-cperm-4665-aphiaid-239867-en-atlantique/,"Distribution de Pycnogonum litorale (CPERM 4665, AphiaID 239867) en ATLANTIQUE","Lien vers les données Distribution du taxon Pycnogonum litorale établie à partir des données de densité d'abondance relative cumulées et krigées issues des campagnes halieutiques EVHOE (2008-2013), LANGOLF (2011-2013), NURSE (2000-2013), ORHAGO (2011-2015)",Pycnogonum litorale,https://www.gbif.org/species/4338597
https://pndb.opendatasoft.com/explore/assets/distribution-de-rondeletiola-minor-cperm-475-aphiaid-141448-en-atlantique/,"Distribution de Rondeletiola minor (CPERM 475, AphiaID 141448) en ATLANTIQUE","Lien vers les données Distribution du taxon Rondeletiola minor établie à partir des données de densité d'abondance relative cumulées et krigées issues des campagnes halieutiques EVHOE (2008-2013), LANGOLF (2011-2013), NURSE (2000-2013), ORHAGO (2011-2015)",Rondeletiola minor,https://www.gbif.org/species/2289096
https://pndb.opendatasoft.com/explore/assets/distribution-de-rossia-macrosoma-cperm-471-aphiaid-141449-en-atlantique/,"Distribution de Rossia macrosoma (CPERM 471, AphiaID 141449) en ATLANTIQUE","Lien vers les données Distribution du taxon Rossia macrosoma établie à partir des données de densité d'abondance relative cumulées et krigées issues des campagnes halieutiques EVHOE (2008-2013), LANGOLF (2011-2013), NURSE (2000-2013), ORHAGO (2011-2015)",Rossia macrosoma,https://www.gbif.org/species/5189578
https://pndb.opendatasoft.com/explore/assets/distribution-de-scalpellum-scalpellum-cperm-715-aphiaid-106204-en-atlantique/,"Distribution de Scalpellum scalpellum (CPERM 715, AphiaID 106204) en ATLANTIQUE","Lien vers les données Distribution du taxon Scalpellum scalpellum établie à partir des données de densité d'abondance relative cumulées et krigées issues des campagnes halieutiques EVHOE (2008-2013), LANGOLF (2011-2013), NURSE (2000-2013), ORHAGO (2011-2015)",Scalpellum scalpellum,https://www.gbif.org/species/2113998
https://pndb.opendatasoft.com/explore/assets/distribution-de-scaphander-lignarius-cperm-318-aphiaid-139488-en-atlantique/,"Distribution de Scaphander lignarius (CPERM 318, AphiaID 139488) en ATLANTIQUE","Lien vers les données Distribution du taxon Scaphander lignarius établie à partir des données de densité d'abondance relative cumulées et krigées issues des campagnes halieutiques EVHOE (2008-2013), LANGOLF (2011-2013), NURSE (2000-2013), ORHAGO (2011-2015)",Scaphander lignarius,https://www.gbif.org/species/2291662
https://pndb.opendatasoft.com/explore/assets/distribution-de-sepietta-oweniana-cperm-486-aphiaid-141452-en-atlantique/,"Distribution de Sepietta oweniana (CPERM 486, AphiaID 141452) en ATLANTIQUE","Lien vers les données Distribution du taxon Sepietta oweniana établie à partir des données de densité d'abondance relative cumulées et krigées issues des campagnes halieutiques EVHOE (2008-2013), LANGOLF (2011-2013), NURSE (2000-2013), ORHAGO (2011-2015)",Sepietta oweniana,https://www.gbif.org/species/2289139
https://pndb.opendatasoft.com/explore/assets/distribution-de-sepiola-atlantica-cperm-478-aphiaid-141454-en-atlantique/,"Distribution de Sepiola atlantica (CPERM 478, AphiaID 141454) en ATLANTIQUE","Distribution du taxon Sepiola atlantica établie à partir des données de densité d'abondance relative cumulées et krigées issues des campagnes halieutiques EVHOE (2008-2013), LANGOLF (2011-2013), NURSE (2000-2013), ORHAGO (2011-2015)","Sepiola atlantica, Sepiola atlantica","https://www.gbif.org/species/2289177, https://www.gbif.org/species/2289177"
https://pndb.opendatasoft.com/explore/assets/distribution-de-sepiola-ligulata-cperm-480-aphiaid-141457-en-atlantique/,"Distribution de Sepiola ligulata (CPERM 480, AphiaID 141457) en ATLANTIQUE","Lien vers les données Distribution du taxon Sepiola ligulata établie à partir des données de densité d'abondance relative cumulées et krigées issues des campagnes halieutiques EVHOE (2008-2013), LANGOLF (2011-2013), NURSE (2000-2013), ORHAGO (2011-2015)",Sepiola ligulata,https://www.gbif.org/species/2289178
https://pndb.opendatasoft.com/explore/assets/distribution-de-spirontocaris-lilljeborgii-cperm-4675-aphiaid-107531-en-atlantique/,"Distribution de Spirontocaris lilljeborgii (CPERM 4675, AphiaID 107531) en ATLANTIQUE","Distribution du taxon Spirontocaris lilljeborgii établie à partir des données de densité d'abondance relative cumulées et krigées issues des campagnes halieutiques EVHOE (2008-2013), LANGOLF (2011-2013), NURSE (2000-2013), ORHAGO (2011-2015)","Spirontocaris lilljeborgii, Spirontocaris lilljeborgii","https://www.gbif.org/species/2226308, https://www.gbif.org/species/2226308"
https://pndb.opendatasoft.com/explore/assets/distribution-de-spisula-subtruncata-cperm-396-aphiaid-140302-en-atlantique/,"Distribution de Spisula subtruncata (CPERM 396, AphiaID 140302) en ATLANTIQUE","Lien vers les données Distribution du taxon Spisula subtruncata établie à partir des données de densité d'abondance relative cumulées et krigées issues des campagnes halieutiques EVHOE (2008-2013), LANGOLF (2011-2013), NURSE (2000-2013), ORHAGO (2011-2015)",Spisula subtruncata,https://www.gbif.org/species/5188986
https://pndb.opendatasoft.com/explore/assets/distribution-de-stichastrella-rosea-cperm-4660-aphiaid-123813-en-atlantique/,"Distribution de Stichastrella rosea (CPERM 4660, AphiaID 123813) en ATLANTIQUE","Lien vers les données Distribution du taxon Stichastrella rosea établie à partir des données de densité d'abondance relative cumulées et krigées issues des campagnes halieutiques EVHOE (2008-2013), LANGOLF (2011-2013), NURSE (2000-2013), ORHAGO (2011-2015)",Stichastrella rosea,https://www.gbif.org/species/2274376
https://pndb.opendatasoft.com/explore/assets/distribution-de-tethyaster-subinermis-cperm-11955-aphiaid-123913-en-atlantique/,"Distribution de Tethyaster subinermis (CPERM 11955, AphiaID 123913) en ATLANTIQUE","Lien vers les données Distribution du taxon Tethyaster subinermis établie à partir des données de densité d'abondance relative cumulées et krigées issues des campagnes halieutiques EVHOE (2008-2013), LANGOLF (2011-2013), NURSE (2000-2013), ORHAGO (2011-2015)",Tethyaster subinermis,https://www.gbif.org/species/2270113
https://pndb.opendatasoft.com/explore/assets/distribution-de-todarodes-sagittatus-cperm-509-aphiaid-140624-en-atlantique/,"Distribution de Todarodes sagittatus (CPERM 509, AphiaID 140624) en ATLANTIQUE","Lien vers les données Distribution du taxon Todarodes sagittatus établie à partir des données de densité d'abondance relative cumulées et krigées issues des campagnes halieutiques EVHOE (2008-2013), LANGOLF (2011-2013), NURSE (2000-2013), ORHAGO (2011-2015)",Todarodes sagittatus,https://www.gbif.org/species/2290489
https://pndb.opendatasoft.com/explore/assets/distribution-de-turritella-communis-cperm-250-aphiaid-141872-en-atlantique/,"Distribution de Turritella communis (CPERM 250, AphiaID 141872) en ATLANTIQUE","Lien vers les données Distribution du taxon Turritella communis établie à partir des données de densité d'abondance relative cumulées et krigées issues des campagnes halieutiques EVHOE (2008-2013), LANGOLF (2011-2013), NURSE (2000-2013), ORHAGO (2011-2015)",Turritella communis,https://www.gbif.org/species/5192569
https://pndb.opendatasoft.com/explore/assets/distribution-de-vibrio-nigripulchritudo-hautement-pathogene-hp-identifie-par-multiplex-pcr-lors-depisodes-de-mortalite-signales-sur-les-fermes-de-l-stylirostris-dans-le-cadre-du-reseau-depidemio-vigilance-de-nouvelle-caledonie/,Distribution de Vibrio nigripulchritudo Hautement Pathogène (HP) identifié par multiplex PCR lors d'...,Lien vers les données La carte présente la distribution de Vibrio nigripulchritudo HP (hautement pathogène) sur les fermes d'élevage de crevette L. stylirostris de Nouvelle-Calédonie. Ces Vibrios ont été isolés par multiplex PCR suite à des épisodes de mortalité signalés au réseau d'épidémio-vigilance de la filière aquacole de Nouvelle-Calédonie.,Vibrio nigripulchritudo,https://www.gbif.org/species/5427735
https://pndb.opendatasoft.com/explore/assets/distribution-de-vibrio-penaeicida-identifie-par-multiplex-pcr-lors-depisodes-de-mortalite-signales-sur-les-fermes-de-l-stylirostris-dans-le-cadre-du-reseau-depidemio-vigilance-de-nouvelle-caledonie/,Distribution de Vibrio penaeicida identifié par multiplex PCR lors d'épisodes de mortalité signalés ...,Lien vers les données La carte présente la distribution de Vibrio penaeicida sur les fermes d'élevage de crevette L. stylirostris de Nouvelle-Calédonie. Ces Vibrios ont été isolés par multiplex PCR suite à des épisodes de mortalité signalés au réseau d'épidémio-vigilance de la filière aquacole de Nouvelle-Calédonie.,Vibrio penaeicida,https://www.gbif.org/species/5427717
https://pndb.opendatasoft.com/explore/assets/distribution-des-colonies-dantipathaires-corail-noir-dans-le-canyon-de-cassidaigne-en-2017-mediterranee-ouest/,"Distribution des colonies d’antipathaires (corail noir) dans le canyon de Cassidaigne en 2017, Médit...","Lien vers les données Distribution connue de corail noir (3 espèces d’Antipathaires : Antipathes dichotoma, Leiopathes glaberrima, Antipathella subpinnata) dans le canyon de Cassidaigne, Méditerranée Ouest. Les colonies de corail noir ont été filmées/photographiées au cours de la campagne VIDEOCOR1 par le H-ROV Ariane (L’Europe, 2017). Les images ont été utilisées pour réaliser des modèles 3D de chaque zone. Chaque colonie de Antipathella subpinnata a été positionnée à la main sur les modèles géoréférencés. Les colonies de Antipathes dichotoma et Antipathella subpinnata ont été géoreferencées dans un SIG à partir des vidéos. Données liées à la publication Fabri et al., 2019. https://doi.org/10.1016/j.pocean.2019.102172","Antipathella subpinnata, Antipathella subpinnata, Antipathes dichotoma, Antipathes dichotoma, Leiopathes glaberrima, Leiopathes glaberrima","https://www.gbif.org/species/2258434, https://www.gbif.org/species/2258434, https://www.gbif.org/species/2258249, https://www.gbif.org/species/2258249, https://www.gbif.org/species/2258172, https://www.gbif.org/species/2258172"
https://pndb.opendatasoft.com/explore/assets/distribution-des-herbiers-de-zostera-noltii-et-zostera-marina-sur-lile-de-re-etat-1920/,Distribution des herbiers de Zostera noltii et Zostera marina sur l’île de Ré. Etat 1920,"Lien vers les données La distribution des herbiers à Zostera marina Linné, 1753 et Zostera noltii Hornemann, 1832 a été cartographiée en août-septembre 1920 par des observations terrain de bionomie et reports manuels sur carte au 1 : 93000 environ. Cette carte est issue de l’article par de Beauchamp (1923) « Etudes de bionomie intercotidale les Iles de Ré et d’Yeu » publié dans les Archives de Zoologie Expérimentale et Générale sous la planche XVIII. Les prospections pédestres se sont limitées, sauf exceptions, à la zone de balancement des marées et ont concerné l’ensemble de la flore et de la faune des estrans. Cet article constitue une somme de connaissances floristiques et faunistiques de premier plan pour l’île de Ré, tout en n’étant pas un inventaire exhaustif des espèces observées. L’approche se veut descriptive et de bionomie afin de dresser à grands traits les associations faunistiques et floristiques des faciès rocheux et des faciès non rocheux des estrans rhétais. La répartition des zostères est détaillée p. 481-482 permettant de distinguer Zostera marina de Zostera nana Roth, 1827 aujourd’hui mise en synonymie de Zostera noltii puis p. 485-489 sont dressées les associations. Est également signalée la présence anecdotique d’une seule tâche à Zostera marina f. angustifolia sur les vasières du Fier d’Ars près d’Ars en Ré à un niveau marégraphique élevé. Cette carte a été réutilisée par den Hartog (1997) « Is Sargassum muticum a threat to eelgrass beds ? » publié dans Aquatic Botany 58 p. 37 à 41. Fort inopportunément, l’illustrateur de la carte (voir la figure 1 de l’article) a confondu les trois codes « Vase », « Sable vaseux » et « Zostères » de la carte d’origine, en utilisant probablement une photocopie à faible contraste. Cela conduit l’auteur à fortement surestimer les superficies d’herbiers de Zostera marina sur Ré en 1920 aux détriments des simples vasières intertidales dépourvues de phanérogames ou couvertes d’herbier à Zostera noltii (cas du Fier d’Ars, de la Fosse de Loix et de Rivedoux).","Sargassum muticum, Zostera nana","https://www.gbif.org/species/3197314, https://www.gbif.org/species/2863939"
https://pndb.opendatasoft.com/explore/assets/distribution-et-dynamique-dinstallation-dundaria-pinnatifida-une-algue-non-indigene-en-bretagne-programmes-ecokelp-anr-2007-2009-et-interreg-iva-marinexus-2010-2014/,"Distribution et dynamique d’installation d’Undaria pinnatifida, une algue non-indigène en Bretagne (...","Lien vers les données Undaria pinnatifida, connue sous le nom de wakame, une macro-algue brune a été introduite de façon délibérée en Bretagne pour y être cultivée et s’est échappée dans le milieu naturel depuis la fin des années 1980. Deux programmes, Ecokelp (2007-2009) et Marinexus (2010-2014) se sont intéressés à la dynamique de la distribution spatiale de cette algue non-indigène en Bretagne. ECOKELP visait à une meilleure compréhension de la dynamique des forêts de macro-algues brunes et Undaria pinnatifida était une des 5 espèces cibles de ce projet. MARINEXUS avait pour objectif d’étudier les écosytèmes marins à l’échelle trans-Manche et un « workpackage » était consacré aux espèces non-indigènes, parmi lesquelles figuraient U. pinnatifida. Ces deux projets visaient entre autre à faire un état des lieux de la présence d’Undaria pinnatifida le long du littoral breton dans des habitats artificiels (ports, marinas) et naturels, en réalisant des prospections et des comparaisons aux données de la littérature. Un focus a été en particulier réalisé dans la rade de St-Malo, la baie de Lampaul (Ouessant), l’Aber Wrac’h et la baie de Morlaix. Observations, cartographie à micro-échelle, analyses génétiques ont été réalisés au cours de ces programmes. Une thèse (Daphné Grulois – UPMC ; dir. F. Viard – Station Biologique de Roscoff; contact : viard@sb-roscoff.fr) rassemble l’essentiel des données d’observations, inventaires et cartographies réalisées jusqu’à la fin du programme Ecokelp. Elle est disponible à l’adresse : http://www.sb-roscoff.fr/images/stories/sbr/Edition-communication/theses/Grulois_thesis.pdf",Undaria pinnatifida,https://www.gbif.org/species/5422556
https://pndb.opendatasoft.com/explore/assets/distribution-model-autumn-presence-only-habitat-suitability-of-balaenoptera-acutostrata/,Distribution Model: Autumn presence-only habitat suitability of Balaenoptera acutostrata,"Lien vers les données Observations of live Balaenoptera acutostrata from different datasets collected in France and the United Kingdom were compiled to generate Maxent presence-only habitat suitability models in the CHARM3 study area. The data span from 2002 - 2011 and come from both dedicated and opportunistic surveys from land, sea, or air.",Balaenoptera acutostrata,https://www.gbif.org/species/2440728
https://pndb.opendatasoft.com/explore/assets/distribution-model-autumn-presence-only-habitat-suitability-of-phocoena-phocoena/,Distribution Model: Autumn presence-only habitat suitability of Phocoena phocoena,"Lien vers les données Observations of live Phocoena phocoena from different datasets collected in France and the United Kingdom were compiled to generate Maxent presence-only habitat suitability models in the CHARM3 study area. The data span from 2002 - 2011 and come from both dedicated and opportunistic surveys from land, sea, or air.","Phocoena phocoena, Phocoena phocoena","https://www.gbif.org/species/2440669, https://www.gbif.org/species/2440669"
https://pndb.opendatasoft.com/explore/assets/distribution-model-summer-presence-only-habitat-suitability-of-mola-mola/,Distribution Model: Summer presence-only habitat suitability of Mola mola,"Lien vers les données Observations of Mola mola from different datasets collected in France and the United Kingdom were compiled to generate Maxent presence-only habitat suitability models in the CHARM3 study area. The data span from 2002 - 2011 and come from both dedicated and opportunistic surveys from land, sea, or air.",Mola mola,https://www.gbif.org/species/5213725
https://pndb.opendatasoft.com/explore/assets/distribution-model-summer-presence-only-habitat-suitability-of-tursiops-truncatus/,Distribution Model: Summer presence-only habitat suitability of Tursiops truncatus,"Observations of live Tursiops truncatus from different datasets collected in France and the United Kingdom were compiled to generate Maxent presence-only habitat suitability models in the CHARM3 study area. The data span from 2002 - 2011 and come from both dedicated and opportunistic surveys from land, sea, or air.",Tursiops truncatus,https://www.gbif.org/species/2440447
https://pndb.opendatasoft.com/explore/assets/distribution-mondiale-de-lajonc-ulex-europaeus-en-zone-introduite-world-distribution-of-gorse-ulex-europaeus-in-introduced-areas/,Distribution mondiale de l'ajonc Ulex europaeus en zone introduite - World distribution of gorse Ule...,"Lien vers les données Résumé Distribution géographique de l'ajonc Ulex europaeus à l’échelle mondiale au format Darwin Core. Les points de coordonnées sont en degrés décimaux (latitude, longitude), ils correspondant à l’existence avérée d’un individu d'Ulex europaeus entre 1950 et 2018. Le jeu de données est une compilation de plusieurs sources, banques de données en ligne (dont GBIF, iNaturalist), articles scientifiques, communications personnelles et prospection par les auteurs (sur le terrain ou par recherche visuelle en ligne). Les données collectées ont été nettoyées, vérifiées, et les doublons éliminés. Tous les pays ou régions ayant référencé de l’ajonc sont répertoriés, sauf la zone native (Europe). Le jeu de données obtenu comprend 14053 occurrences. Les points géo-localisés sont classifiés selon les limites administratives des pays ou îles dans lesquels ils sont situés. Pour l'Europe, se reporter à la base GBIF. Qualité Les données ont été vérifiées de plusieurs manières : élimination des doublons, vérifications visuelles sur images géo-localisées (pour les données issues des sciences citoyennes), élimination des points aberrants (par exemple ceux localisés dans la mer), ou non-pertinents (dans des Muséums, centroïdes de régions administratives ou d’objets vectoriels de grande taille…). Pour les données retenues, la précision maximale a été recherchée en recoupant de multiples informations (littératures, observations, communications personnelle, images géolocalisées). La précision des géolocalisations obtenues est inférieure à 100 mètres dans les deux-tiers des points, inférieur au km pour les trois quart des points. Programme ANR MARIS : Management and risk analysis of an invading plant species (ulex europaeus (L.): how socio-ecological niche with population dynamics modelling under a wide range of climates can help. ANR reference : ANR-14-CE03-0007",Ulex europaeus,https://www.gbif.org/species/2951984
https://pndb.opendatasoft.com/explore/assets/distribution-of-210pb-226ra-228th-and-k-in-tidal-flat-sediments-of-arcachon-bay/,"Distribution of 210Pb, 226Ra, 228Th and K in tidal flat sediments of Arcachon Bay","Lien vers les données The Arcachon Bay is a unique and ecologically important meso-tidal lagoon on the Atlantic coast of south-west France. The Arcachon Bay has the largest area of dwarf seagrass (Z. noltei) in Europe, the extent of which was stable in their extent between the 1950s and 1990s, but a decline in seagrass was observed in mid-2000. The decline of Zostera (seagrass) may have a significant impact on sedimentation in this coastal ecosystem rich in marine life. Interface cores were collected in September 2022 to determine sediment and mass accumulation rates (SAR, MAR) in the Arcachon Bay. Ten study areas were selected, distributed over most of the areas where seagrass meadows are actually observed. Two sites were visited each time, one with the presence of Zostera noltei in good condition (Healthy) and the other where the sediment was bare (Bare). Maximum water heights during spring tides range from 3.44 m for the deepest site (Garrèche) to 2.09 m for the shallowest site (Fontaines). A total of 20 sediment cores were sampled and carefully extruded every 1 cm from the top to the bottom of the core. The sediment layers were used to determine dry bulk density and selected radioisotope activities: DBD, 210Pb, 226Ra, 137Cs, 228Th and 40K expressed as %K).",Zostera noltei,https://www.gbif.org/species/2863938
https://pndb.opendatasoft.com/explore/assets/distribution-spatiale-des-localisations-de-la-baleine-a-bosse-megaptera-novaeangliae-suivis-par-balise-argos-depuis-la-reunion-projet-feder-megafaune/,Distribution spatiale des localisations de la Baleine à Bosse (Megaptera novaeangliae) suivis par ba...,"Lien vers les données Les données acquises en 2013 par balise Argos, ont été analysées pour sortir 2 localisations par jour. Le nombre de localisations de Baleines à bosse balisées à La Réunion est agrégé par carré de 1° de côté. Ce mode de calcul est celui choisi dans le cadre du projet Mégafaune pour toutes les populations (une espèce, un lieu) étudiées afin de permettre l'inter-comparaison. Les données ont été acquises dans le cadre du programme MIROMEN (MIgration ROutes of MEgaptera Novaeangliae) porté par Globice, financé par la Communauté Européenne.",Megaptera novaeangliae,https://www.gbif.org/species/5220086
https://pndb.opendatasoft.com/explore/assets/distribution-spatiale-des-localisations-de-la-fregate-ariel-fregata-ariel-suivis-par-balise-argos-depuis-europa-taaf-projet-feder-megafaune/,Distribution spatiale des localisations de la Frégate Ariel (Fregata ariel) suivis par balise Argos ...,"Lien vers les données Les données acquises entre 2011 et 2012 par balises Argos, ont été analysées pour sortir 2 localisations par jour. Le nombre de localisations de Frégates Ariel balisées à Europa est agrégé par carré de 1° de côté. Ce mode de calcul est celui choisi dans le cadre du projet Mégafaune pour toutes les populations (une espèce, un lieu) étudiées afin de permettre l'inter-comparaison.","Fregata ariel, Fregata ariel","https://www.gbif.org/species/2480186, https://www.gbif.org/species/2480186"
https://pndb.opendatasoft.com/explore/assets/distribution-spatiale-des-localisations-de-la-fregate-du-pacifique-fregata-minor-suivis-par-balise-argos-depuis-aldabra-seychelles-projet-feder-megafaune/,Distribution spatiale des localisations de la Frégate du Pacifique (Fregata minor) suivis par balise...,"Lien vers les données Les données acquises en 2006 par balise Argos, ont été analysées pour sortir 2 localisations par jour. Le nombre de localisations de Frégates du Pacifique balisées à Aldabra est agrégé par carré de 1° de côté. Ce mode de calcul est celui choisi dans le cadre du projet Mégafaune pour toutes les populations (une espèce, un lieu) étudiées afin de permettre l'inter-comparaison.",Fregata minor,https://www.gbif.org/species/2480187
https://pndb.opendatasoft.com/explore/assets/distribution-spatiale-des-localisations-de-la-sterne-fuligineuse-onychoprion-fuscatus-suivis-par-gls-depuis-lile-bird-seychelles-projet-feder-megafaune/,Distribution spatiale des localisations de la Sterne fuligineuse (Onychoprion fuscatus) suivis par G...,"Les données acquises entre 2011 et 2014 par GLS (Global Location Sensing), ont été analysées pour sortir 2 localisations par jour. Le nombre de localisations de Sternes Fuligineuse balisés sur l'île Bird est agrégé par carré de 1° de côté. Ce mode de calcul est celui choisi dans le cadre du projet Mégafaune pour toutes les populations (une espèce, un lieu) étudiées afin de permettre l'inter-comparaison.","Onychoprion fuscatus, Onychoprion fuscatus","https://www.gbif.org/species/5789284, https://www.gbif.org/species/5789284"
https://pndb.opendatasoft.com/explore/assets/distribution-spatiale-des-localisations-du-fou-a-pieds-rouges-sula-sula-suivis-par-balise-argos-depuis-tromelin-taaf-projet-feder-megafaune/,Distribution spatiale des localisations du Fou à Pieds Rouges (Sula sula) suivis par balise Argos de...,"Lien vers les données Les données acquises en 2005 par balise Argos, ont été analysées pour sortir 2 localisations par jour. Le nombre de localisations de Fous à Pieds Rouges balisés à Tromelin est agrégé par carré de 1° de côté. Ce mode de calcul est celui choisi dans le cadre du projet Mégafaune pour toutes les populations (une espèce, un lieu) étudiées afin de permettre l'inter-comparaison.",Sula sula,https://www.gbif.org/species/2480972
https://pndb.opendatasoft.com/explore/assets/distribution-spatiale-des-localisations-du-fou-masque-sula-dactylatra-suivis-par-balise-argos-depuis-tromelin-taaf-projet-feder-megafaune/,Distribution spatiale des localisations du Fou Masqué (Sula dactylatra) suivis par balise Argos depu...,"Lien vers les données Les données acquises en 2005 par balise Argos, ont été analysées pour sortir 2 localisations par jour. Le nombre de localisations de Fous Masqués balisés à Tromelin est agrégé par carré de 1° de côté. Ce mode de calcul est celui choisi dans le cadre du projet Mégafaune pour toutes les populations (une espèce, un lieu) étudiées afin de permettre l'inter-comparaison.",Sula dactylatra,https://www.gbif.org/species/2480967
https://pndb.opendatasoft.com/explore/assets/distribution-spatiale-des-localisations-du-paille-en-queue-a-brins-blancs-phaethon-lepturus-suivis-par-gls-depuis-lile-ronde-maurice-projet-feder-megafaune/,Distribution spatiale des localisations du Paille-en-Queue à brins blancs (Phaethon lepturus) suivis...,"Lien vers les données Les données acquises entre 2011 et 2013 par GLS (Global Location Sensing), ont été analysées pour sortir 2 localisations par jour. Le nombre de localisations de Pailles-en-Queue à brins blancs balisés à l'île Ronde est agrégé par carré de 1° de côté. Ce mode de calcul est celui choisi dans le cadre du projet Mégafaune pour toutes les populations (une espèce, un lieu) étudiées afin de permettre l'inter-comparaison.",Phaethon lepturus,https://www.gbif.org/species/2481364
https://pndb.opendatasoft.com/explore/assets/distribution-spatiale-des-localisations-du-paille-en-queue-a-brins-rouges-phaethon-rubricauda-suivis-par-gls-depuis-europa-taaf-projet-feder-megafaune/,Distribution spatiale des localisations du Paille-en-Queue à brins rouges (Phaethon rubricauda) suiv...,"Lien vers les données Les données acquises entre 2008 et 2013 par GLS (Global Location Sensing), ont été analysées pour sortir 2 localisations par jour. Le nombre de localisations de Pailles-en-Queue balisés à Europa est agrégé par carré de 1° de côté. Ce mode de calcul est celui choisi dans le cadre du projet Mégafaune pour toutes les populations (une espèce, un lieu) étudiées afin de permettre l'inter-comparaison.",Phaethon rubricauda,https://www.gbif.org/species/2481361
https://pndb.opendatasoft.com/explore/assets/distribution-spatiale-des-localisations-du-petrel-de-barau-pterodroma-baraui-suivis-par-balise-argos-et-gls-depuis-la-reunion-projet-feder-megafaune/,Distribution spatiale des localisations du Pétrel de Barau (Pterodroma baraui) suivis par balise Arg...,"Lien vers les données Les données acquises entre 2008 et 2011 par Argos et GLS (Global Location Sensing), ont été analysées pour sortir 2 localisations par jour. Le nombre de localisations de Pétrels de Barau balisés à La Réunion est agrégé par carré de 1° de côté. Ce mode de calcul est celui choisi dans le cadre du projet Mégafaune pour toutes les populations (une espèce, un lieu) étudiées afin de permettre l'inter-comparaison.",Pterodroma baraui,https://www.gbif.org/species/2481475
https://pndb.opendatasoft.com/explore/assets/distribution-spatiale-des-localisations-du-puffin-du-pacifique-puffinus-pacificus-suivis-par-gls-depuis-cousin-seychelles-projet-feder-megafaune/,Distribution spatiale des localisations du Puffin du Pacifique (Puffinus pacificus) suivis par GLS d...,"Lien vers les données Les données acquises entre 2009 et 2010 par GLS (Global Location Sensing), ont été analysées pour sortir 2 localisations par jour. Le nombre de localisations de Puffins du Pacifique balisés à Cousin est agrégé par carré de 1° de côté. Ce mode de calcul est celui choisi dans le cadre du projet Mégafaune pour toutes les populations (une espèce, un lieu) étudiées afin de permettre l'inter-comparaison.","Puffinus pacificus, Puffinus pacificus","https://www.gbif.org/species/5229344, https://www.gbif.org/species/5229344"
https://pndb.opendatasoft.com/explore/assets/distribution-spatiale-des-ophiures-ophiocomina-nigra-et-ophiothrix-fragilis-en-rade-de-brest-en-2013/,Distribution spatiale des ophiures Ophiocomina nigra et Ophiothrix fragilis en rade de Brest en 2013,Lien vers les données Suivi de la densité des ophiures Ophiocomina nigra et Ophiothrix fragilis réalisé en 2013 par vidéo sous-marine et prélèvements à la benne en rade de Brest,"Ophiocomina nigra, Ophiocomina nigra, Ophiothrix fragilis, Ophiothrix fragilis","https://www.gbif.org/species/2275361, https://www.gbif.org/species/2275361, https://www.gbif.org/species/5187835, https://www.gbif.org/species/5187835"
https://pndb.opendatasoft.com/explore/assets/diversity-abundance-environmental-conditions-and-stable-isotopes-within-new-gastropod-assemblages-from-three-vent-fields-menez-gwen-lucky-strike-snake-pit-on-the-northern-mid-atlantic-ridge/,"Diversity, abundance, environmental conditions and stable isotopes within new gastropod assemblages ...","Lien vers les données Three vent fields (Menez Gwen, Lucky Strike, Snake Pit) of the Mid-Atlantic Ridge have been studied during six cruises between 2012 and 2016 on three different research vessels including BICOSE 2014 (Cambon-Bonavita MA ; https://doi.org/10.17600/14000100) on the RV Pourquoi pas?, Momarsat 2012 (Cannat M, Sarradin PM; https://doi.org/10.17600/12040050) on the RV Thalassa, Biobaz 2013 (Lallier F ; https://doi.org/10.17600/13030030), Momarsat 2014 (Cannat M, Sarradin PM, https://doi.org/10.17600/14000300) and Momarsat 2015 (Cannat M, Sarradin PM ; https://doi.org/10.17600/15000200) on the R/V Pourquoi pas? and Momarsat 2016 (Cannat M, Sarradin PM ; https://doi.org/10.17600/16001200) on the RV L'Atalante. During these cruises, the ROV Victor6000 was used to characterize the environmental conditions and collect faunal samples in newly-discovered vent gastropod assemblages. Two distinct assemblages were identified: one dominated by Lepetodrilus atlanticus at the shallowest Menez Gwen vent field and the other by Peltospira smaragdina at the two other investigated fields, Lucky Strike and Snake Pit. The chemistry of 17 gastropod assemblages was characterized prior to faunal sampling using the in situ chemical analyser CHEMINI (Vuillemin et al. 2009) that measures total dissolved sulphide and iron concentrations. In addition, fluid samples within habitats were collected with the PEPITO water sampler (Sarradin et al., 2009). Following habitat characterization, twelve gastropod assemblages were collected using the suction sampler of the submersible from five hydrothermally-active sampling locations at the MG (MG3), LS (Y3, Cypress, Isabel) and SP (Les Ruches) vent fields. The fauna was sorted to the lowest taxonomic level and preserved either in ethanol 96%, formalin 4% or frozen at -80°C for subsequent analyses. Stable isotope ratios of C and N from four key gastropod species (Divia briandi, Lepetodrilus atlanticus, Peltospira smaragdina, Protolira valvatoides) were analysed through continuous flow - elemental analysis - isotope ratio mass spectrometry (CF-EA-IRMS) either at the Laboratoire d’analyse en écologie aquatique et en sédimentologie of Université du Québec à Trois-Rivières (CA) or the LIttoral ENvironnement et Sociétés stable isotope facility at University of La Rochelle (FR).","Divia briandi, Lepetodrilus atlanticus, Protolira valvatoides","https://www.gbif.org/species/9914895, https://www.gbif.org/species/4357740, https://www.gbif.org/species/4358381"
https://pndb.opendatasoft.com/explore/assets/donnees-de-suivis-benthiques-du-rebent-dce/,Données de suivis benthiques du REBENT DCE,"Lien vers les données Le réseau national de surveillance des biocénoses benthiques côtières (REBENT) a pour objectif de recueillir et de mettre en forme les données relatives à la distribution des habitats et au suivi de leur biodiversité faunistique et floristique, dans la zone côtière. Ces données de 2006 à 2016 concernent plusieurs volets : - Suivi stationnel des macroalgues des substrats durs (intertidaux et subtidaux), ainsi que la faune associée à ces peuplements macroalgaux (REBENT_ALG) - Suivi stationnel de la macrofaune des substrats meubles (sables intertidaux et subtidaux, herbiers et maërl) (REBENT_FAU) - Suivi stationnel des herbiers Zostera marina comprenant le suivi de l'état de la végétation, des épiphytes, de la faune associées et du sédiment (REBENT_HZM) - Suivi stationnel des herbiers Zostera noltii comprenant le suivi de l'état de la végétation, des épiphytes, de la faune associées et du sédiment (REBENT_HZN) - Suivi des bancs de Maërl comprenant le suivi de l'état de la végétation (le suivi de la macrofaune associée est inclu dans REBENT_FAU) (REBENT_MAERL)","Zostera marina, Zostera noltii","https://www.gbif.org/species/2863967, https://www.gbif.org/species/2863938"
https://pndb.opendatasoft.com/explore/assets/donnees-du-reseau-de-surveillance-du-rephy-2006-a-2016/,Données du réseau de surveillance du REPHY (2006 à 2016),"Lien vers les données Réseau d’Observation et de Surveillance du Phytoplancton et de l’Hydrologie dans les eaux littorales. Ce jeu présente plusieurs fichiers de paramètres distincts mesurés entre 2006 et 2016 sur les lieux de surveillance : - Température, Salinité, Oxygène dissous, et Turbinité (FNU ou NFU) des masses d'eau - CHLORO-PHEO : ce sont les mesures de concentration en Chlorophylle a et Pheopigment - NUTRIMENTS : ce sont les mesures de concentration en nutriments (ammonium, phosphate, silicate, nitrate+nitrite) - Flores phytoplanctoniques totales (FLORTOT) : c’est l’identification et le dénombrement de toutes les espèces phytoplanctoniques pouvant être identifiées dans les conditions d’observation, c’est à dire globalement toutes les espèces dont la taille est supérieure à 20 µm, et celles dont la taille est inférieure mais qui sont en chaîne. Les espèces plus petites sont dénombrées seulement quand elles concernent des espèces potentiellement toxiques (ex : Chrysochromulina). Flores phytoplanctoniques indicatrices (FLORIND) : c’est l’identification et le dénombrement de tous les taxons présents à une concentration supérieure à 100 000 cellules par litre (toxiques ou non) ; des taxons avérés toxiques pour le consommateur et présents sur nos côtes, c’est à dire les genres ou les espèces suivants : Alexandrium, Dinophysis, Pseudo-nitzschia et Ostreopsis, quelle que soit leur concentration ; des espèces suivantes connues pour produire des toxines lipophiles : Gonyaulax spinifera, Lingulodinium polyedra, Protoceratium reticulatum, Prorocentrum lima. Il peut y avoir des taxons supplémentaires, en cas de besoin local ou ponctuel. Flores phytoplanctoniques partielle (FLORPAR) : ce sont des flores simplifiées pour lesquelles aucune contrainte n’est imposée : elles peuvent même être réduites à un seul genre ou espèce.","Gonyaulax spinifera, Lingulodinium polyedra, Prorocentrum lima, Protoceratium reticulatum","https://www.gbif.org/species/7758129, https://www.gbif.org/species/8941116, https://www.gbif.org/species/8816835, https://www.gbif.org/species/9108137"
https://pndb.opendatasoft.com/explore/assets/donnees-ecophysiologiques-recueillies-sur-des-peupliers-blancs-populus-alba-le-long-du-rhone-2022-2023/,Données écophysiologiques recueillies sur des peupliers blancs (Populus alba) le long du Rhône (2022...,"Lien vers les données Ce tableau contient les valeurs de variables décrivant les paramètres écophysiologiques mesurés sur des feuilles et troncs de peupliers blancs sur trois sites d'un gradient latitudinal rhodanien : Brégnier-Cordon (BRC), Péage-de-Roussillon (PDR) et Donzère-Mondragon (DZM). Sur chaque site, 20 arbres ont été échantillonnés à plusieurs reprises au cours de la saison de végétation afin d'estimer le potentiel hydrique foliaire minimal, la teneur en 13C dans le phloème au niveau du tronc, la teneur en eau relative et l'efficience intrinsèque d'utilisation de l'eau. Sur les 20 arbres, 10 se trouvaient sur des stations supposées déconnectées à la nappe et 10 se trouvaient sur des stations supposées connectées à la nappe.",Populus alba,https://www.gbif.org/species/3040233
https://pndb.opendatasoft.com/explore/assets/donnees-habitats-sur-la-cote-est-de-saint-pierre-et-miquelon/,"Données ""habitats"" sur la côte Est de Saint-Pierre-et-Miquelon.","Lien vers les données Ces données ont été acquises lors des campagnes Envision-Ifremer en 2007 et 2011, dans le cadre d'un projet de contribution au développement de la filière aquacole avec le soutien de l'ODEADOM et du Conseil Territorial de St Pierre et Miquelon. L’objectif de ce travail est le traitement des informations issues des deux campagnes de cartographie des fonds réalisées en 2007 et 2011 sur la côte est de St Pierre &amp; Miquelon afin d’évaluer de nouvelle zones de semis potentiels de pétoncle géant (Placopecten magellanicus) et d’estimer les productions potentielles de ces zones.","Placopecten magellanicus, Placopecten magellanicus","https://www.gbif.org/species/2285952, https://www.gbif.org/species/2285952"
https://pndb.opendatasoft.com/explore/assets/donnees-pour-sex-specific-heterothermy-patterns-in-wintering-captive-microcebus-murinus-do-not-translate-into-differences-in-energy-balance/,"Données pour ""Sex-specific heterothermy patterns in wintering captive Microcebus murinus do not tran...","Lien vers les données This dataset summarizes all data collected during a 6-month follow-up of wintering mouse lemurs equipped with temperature loggers and monitored for body mass. Two experimental groups were designed (control vs caloric restriction) in both male and female mouse lemurs. Description of the data and file structure : The dataset comprises 3 different sheets with different types of data: - Sheet entitled ""Tbmin_BM_Count_SDweeks"" summarizes individual data of Tbmin, %torpor, BM, Tbmin*BM used for GAMM analyses in the paper; - Sheet entitled ""torp_parameters_3SDTF_sd40"" summarizes individual data extracted from the segmented analyses to describe heterothermy profiles on the 3 periods of winter; - Sheet entitled ""repro_success_sd40"" summarizes data on reproductive success during the following summer. Metadata for a comprehensive reading of all the sheets are provided.","Microcebus murinus, Microcebus murinus","https://www.gbif.org/species/2436447, https://www.gbif.org/species/2436447"
https://pndb.opendatasoft.com/explore/assets/dual-rnaseq-vibrio_aestuarianus-oysters_hemocytes/,Dual-RNAseq-Vibrio_aestuarianus-Oysters_hemocytes,Lien vers les données Interaction entre différentes souches de la bactérie Vibrio aestuarianus et des hémocytes d'huîtres C. gigas adultes - Contact réalisé in vitro,Vibrio aestuarianus,https://www.gbif.org/species/8983095
https://pndb.opendatasoft.com/explore/assets/eiffel-tower-hydrothermal-edifice-of-2018-lucky-strike-hydrothermal-vent-field-mid-atlantic-ridge-3d-scene-and-imagery/,"Eiffel Tower hydrothermal edifice of 2018 (Lucky Strike hydrothermal vent field, Mid Atlantic Ridge)...","Lien vers les données The Eiffel Tower active hydrothermal chimney is a major edifice investigated in deep-sea vent ecology at the Lucky Strike hydrothermal field (~ -1700 m), along the northern Mid-Atlantic Ridge (37.3°N, 32.3°W). This edifice, raising ~20 m over the surrounding seafloor, is associated with black smoker fluids flowing at &gt;300°C as well as diffusion areas colonized by large Bathymodiolus azoricus mussel assemblages and microbial mats. This vent edifice was surveyed with vertical overlapping transects by ROV Victor6000 using an HD camera during the MoMARSAT2018 cruise. This dataset is part of a larger temporal series performed with other 3D reconstructions at the Eiffel Tower hydrothermal edifice that was used to investigate temporal dynamics of the edifice topography and the vent assemblages (Van Audenhaege et al. in prep.; see section ""Note"").",Bathymodiolus azoricus,https://www.gbif.org/species/4374611
https://pndb.opendatasoft.com/explore/assets/en3vi/,EN3VI,"Lien vers les données The RNAseq sequences (triplicate) are all derived from the bacterium Vibrio Atlanticus LGP32 (former Vibrio tasmaniensis LGP32) cultured in Zobel media for 12h (V0), 60 h (V1), 7 days (V3) and cultured in Zobel media for 60h then exposed for 30 min to the micro-algae Alexandrium pacificum (former Alexandrium catenella) (V2).","Alexandrium catenella, Alexandrium pacificum, Vibrio tasmaniensis","https://www.gbif.org/species/7974238, https://www.gbif.org/species/7705294, https://www.gbif.org/species/5427738"
https://pndb.opendatasoft.com/explore/assets/environmental-biomass-and-biotic-interactions-data-of-spartina-sp-niches-in-the-bay-of-arcahon/,"Environmental, biomass and biotic interactions data of Spartina sp. niches in the Bay of Arcahon","Lien vers les données Questions: Invasiveness depends in part on the ability of exotic species to either exclude native dominants or to fill an empty niche. Comparisons of niches and effects of closely related native and invasive species enable the investigation of this topic. Does Spartina anglica invade European salt marshes through competitive exclusion of the native Spartina maritima or due to the occurrence of an empty ecological niche in highly anoxic conditions? Location: The Arcachon Bay (France). Methods: At three intertidal levels, we quantified competitive response and effect abilities of the two species through a cross-transplantation removal experiment. We also compared at three intertidal levels the biomass, root/shoot ratio, productivity and environmental conditions (elevation, salinity, potential redox and soil moisture) of salt marsh communities dominated by the exotic Spartina anglica or the native Spartina maritima. Results: Both established species showed similar biotic resistance to the invasion of the other species, but the exotic showed important intraspecific facilitation for growth. Species had similar niches and total biomass along a gradient of anoxic conditions, but the exotic had a much higher root/shoot ratio and productivity than the native. Owing to its rhizome density, the exotic showed a high ability to increase sediment oxygenation, likely to explain its important intraspecific facilitation. Conclusions: Our results showed that the invasion success of S. anglica cannot be explained by the competitive exclusion of the native or by its ability to fill an empty niche along a gradient of anoxia. Its behaviour as a self-facilitator invasive engineer is very likely to explain its rapid spread in the Bay and biotic resistance to the colonization of other congeneric species when established in dense patches. Additionally, we suggest that physical disturbance in the marsh communities dominated by the native S. maritima may disrupt its biotic resistance against the invasion of S. anglica.","Spartina anglica, Spartina maritima","https://www.gbif.org/species/5290029, https://www.gbif.org/species/5290044"
https://pndb.opendatasoft.com/explore/assets/estimation-des-abondances-ponderees-par-canyon-des-callorgorgia-verticillata-observees-en-submersibles-entre-1995-et-2011-en-mediterranee-francaise/,Estimation des abondances (pondérées par canyon) des Callorgorgia verticillata observées en submersi...,Lien vers les données Couche de points représentant les abondances pondérées par canyon des organismes observés pendant des plongées en submersible dans les canyons de Méditerranée continentale.,Callorgorgia verticillata,https://www.gbif.org/species/2261987
https://pndb.opendatasoft.com/explore/assets/etat-des-lieux-des-bassins-en-activite-sur-le-site-de-perancak-2014/,Etat des lieux des bassins en activité sur le site de Perancak 2014,"Lien vers les données Cette donnée représente les bassins d'élevage des crevettes (Litopenaeus vannamei) en activité ou abandonné en 2014 sur le site de Perancak, Bali, Indonésie.",Litopenaeus vannamei,https://www.gbif.org/species/2223871
https://pndb.opendatasoft.com/explore/assets/etude-des-interactions-entre-deux-herbicides-sur-deux-souches-de-la-microalgue-tetraselmis-suecica-par-analyse-rna-seq/,Etude des interactions entre deux herbicides sur deux souches de la microalgue Tetraselmis suecica p...,"Lien vers les données Le projet EMIHP (financement DS Politique de Site 2017-2018) vise à étudier les interactions entre deux herbicides/antifouling (diuron et irgarol) et leur cible, le photosystème II (PSII), sur deux souches de la microalgue Tetraselmis suecica, une souche sauvage (Tetraselmis wild, W) et une souche résistante au diuron (Tetraselmis mutant, M).",Tetraselmis suecica,https://www.gbif.org/species/2688047
https://pndb.opendatasoft.com/explore/assets/etude-transcriptomique-portant-sur-la-gestion-du-flux-de-carbone-chez-la-microalgue-haptophyte-tisochrysis-lutea/,Etude transcriptomique portant sur la gestion du flux de carbone chez la microalgue haptophyte Tisoc...,Lien vers les données Données RNAseq réalisées à l'occasion du projet Algae in silico sur la microalgue Tisochrysis lutea,Tisochrysis lutea,https://www.gbif.org/species/9762244
https://pndb.opendatasoft.com/explore/assets/europe-seas-habitats-potentially-affected-by-ship-wakes-jun-2020/,"Europe Seas habitats potentially affected by ship wakes, Jun. 2020","Lien vers les données This vector dataset represents the benthic broad habitat types in Europe Seas potentially affected by the ship wakes. When navigating, the propellers of ships generate a turbulent mixing of the water that can produce sediment re-suspension in soft bottoms of shallow areas. This can increase the turbidity in those areas, affecting the seafloor organisms (especially those that are directly dependent on light, such as aquatic plants). It may also contribute to an increase of the the eutrophication level of the ecosystem (since the turbid waters may become warmer, which may turn into a reduction of dissolved oxygen in water). Finally, turbidity can produce an increase in the inputs of contaminants and microbial pathogens, since those can become attached to the suspended solids. The dataset has been prepared in the context of the development of the first European Maritime Transport Environmental Report (https://www.eea.europa.eu/publications/maritime-transport).","This can, This can","https://www.gbif.org/species/1562058, https://www.gbif.org/species/1562058"
https://pndb.opendatasoft.com/explore/assets/euroshell-liste-des-partenaires-du-projet-europeen-de-recherche-oysterecover/,EUROSHELL – Liste des partenaires du projet européen de recherche OYSTERECOVER,"Lien vers les données OYSTERECOVER (http://oysterecover.eu/) : Etablissement des bases scientifiques, des standards et des procédures techniques pour la restauration de la production de l’huître plate européenne, aux moyens de stratégies visant à minimiser la principale contrainte : la bonamiose. L’huître plate européenne fait partie de l’alimentation humaine depuis plusieurs siècles. Les épisodes de grande mortalité et la surexploitation décimèrent les populations d’O. edulis en Europe pendant la première moitié du 20 ème siècle. Ensuite, deux maladies (Marteilia refrigens et Bonamia ostreae) se sont répandues au début des années 70 et 80, réduisant radicalement la production. Malgré les nouvelles pratiques de gestion et des programmes de repeuplement intensifs, la production d’O. edulis est restée faible depuis cette époque. La restauration de la production de l’huître plate européenne pourrait être une belle opportunité pour l’industrie conchylicole européenne. Cinq associations de producteurs et trois PME réparties dans les principaux États Membres producteurs d’huître plate, ont décidé de travailler ensemble avec l’objectif de relever ce défi scientifique et technique. Au vue des dernières avancées scientifiques sur le sujet, l’objectif est de travailler sur la sélection de souches d’huître plate rustique, plus résistante au parasite de la Bonamia. Pour atteindre cet objectif avec succès, les associations de PME et d’autres PME concernées au projet, ont démarché puis se sont associées aux centres de recherche européens et universitaires qui ont principalement contribué aux progrès scientifiques dans la restauration d’ O. edulis et à la recherche d’une souche résistante. Cette couche de données concerne les partenaires du projet OYSTERECOVER",Marteilia refrigens,https://www.gbif.org/species/4382171
https://pndb.opendatasoft.com/explore/assets/evotox-evolutionary-toxicology-by-anthropogenic-pollution-in-invasive-crayfish-populations/,EvoTox Evolutionary toxicology by anthropogenic pollution in invasive crayfish populations,"Lien vers les données Invasive alien species (IAS) are one of the main direct drivers of biodiversity loss worldwide. While rapid evolution has recently been linked with the increase of invasive capacity of IAS, still there is little known about the mechanisms involved in their success. The EvoTox project seeks to gain deeper insight into the evolutionary and biological processes behind the successful adaptation of one of the most invasive crustacean species in aquatic environments. EvoTox focuses more particularly on the study of the mechanisms that facilitate the rapid adaptation of the crayfish Procambarus clarkii in aquatic areas with high-level of anthropogenic pollutants.",Procambarus clarkii,https://www.gbif.org/species/2227300
https://pndb.opendatasoft.com/explore/assets/facies-depifaune-a-ectopleura-dumortieri-van-beneden-et-electra-pilosa-linne-par-louest-doleron-et-des-cotes-daquitaine-etat-1967-1978/,Faciès d’épifaune à Ectopleura dumortieri (van Beneden) et Electra pilosa (Linné) par l’Ouest d’Olér...,"Lien vers les données Un faciès d’épifaune formé de l’hydraire Ectopleura dumortieri (van Beneden, 1844) associé au bryozoaire Electra pilosa (Linné, 1757) à fort développement estival a été cartographié sur les fonds de pêche de l’Ouest d’Oléron ainsi que le long des côtes d’Aquitaine entre Montalivet et Lacanau (Lagardère &amp; Tardy, 1980). Ce faciès est qualifié de mousse (E. dumortieri) et poil de chien (E. pilosa) par les pêcheurs. Le faciès à Ectopleura dumortieri se développe sur des fonds côtier de 10 à 30 m ainsi que sur des fonds du large à Ditrupa arietina par 60-65 m. L’évolution saisonnière du développement estival d’Electra pilosa est très marquée sur les fonds côtiers et se termine à l’automne par des échouages à la côte de touffes de bryozoaires mêlées d’hydraires. Ce faciès est très riche en épibiontes et épifaune sessile et vagile. Les méthodes d’échantillonnage sont diverses et vont de prélèvements à la benne ou la drague (Lagardère, 1971) ou bien encore le chalut ou microchalut. Les données inventoriées reprennent les observations de travaux antérieurs (Lagardère, 1971) et nouvelles réalisées de 1975 à 1978. La répartition géographique de ce faciès ainsi que les différences de composition spécifique entre le Nord et le Sud de l’estuaire de la Gironde se superposent aux conditions de dépôts et transit d’éléments fins issus des eaux turbides de l’estuaire.","Ditrupa arietina, Ectopleura dumortieri, Electra pilosa","https://www.gbif.org/species/5199783, https://www.gbif.org/species/4283194, https://www.gbif.org/species/4984866"
https://pndb.opendatasoft.com/explore/assets/fatty-acids-data-for-dorsal-muscle-of-the-atlantic-mackerel-scomber-scombrus-in-the-first-hours-following-death-and-after-cooking/,Fatty acids data for dorsal muscle of the Atlantic mackerel Scomber scombrus in the first hours foll...,"Lien vers les données The following dataset contains fatty acids concentrations (in mg.g-1) and moisture data for 15 Atlantic mackerel individuals collected by hand line in the Baie de Douarnenez, France on July 26th 2020. Measurements were done at T0 (immediately after death) and repeated on the same individuals after storage at two temperatures (2-4°C or 18-20°C) for 6, 12 and 24 hours following death, and after cooking (grill or steam). Seventy-five measurements are therefore provided. Analytical details can be found in “Sardenne Fany, Puccinelli Eleonora, Vagner Marie, Pecquerie Laure, Bideau Antoine, Le Grand Fabienne, Soudant Philippe (2021). Post-mortem storage conditions and cooking methods affect long-chain omega-3 fatty acid content in Atlantic mackerel (Scomber scombrus). Food Chemistry, 359, 129828 (6p.). https://doi.org/10.1016/j.foodchem.2021.129828""",Scomber scombrus,https://www.gbif.org/species/2374149
https://pndb.opendatasoft.com/explore/assets/fish-autumn-presence-only-distribution-of-cetorhinus-maximus/,Fish: Autumn presence-only distribution of Cetorhinus maximus,"Lien vers les données Observations of Cetorhinus maximus from different datasets collected in France and the United Kingdom were compiled to generate presence-only distributions in the CHARM3 study area. The data span from 1987 - 2011 and come from both dedicated and opportunistic surveys from land, sea, or air.",Cetorhinus maximus,https://www.gbif.org/species/2420726
https://pndb.opendatasoft.com/explore/assets/fishing-activities-aspitrigla-cuculus-red-gurnard-landings-statistics-2000-2006/,Fishing activities - Aspitrigla cuculus (Red gurnard) - Landings statistics (2000-2006),"Lien vers les données Landings in tonnes of live fish per quarter: mean over 7 years (2000-2006), France and United Kingdom",Aspitrigla cuculus,https://www.gbif.org/species/2336743
https://pndb.opendatasoft.com/explore/assets/fishing-activities-clupea-harengus-atlantic-herring-landings-statistics-2000-2004/,Fishing activities - Clupea harengus (Atlantic herring) - Landings statistics (2000-2004),"Lien vers les données Landings in tonnes of live fish per quarter: mean over 5 years (2000-2004), International (FR,UK,Belgique, Pays-Bas, Danemark, Allemagne)",Clupea harengus,https://www.gbif.org/species/8351946
https://pndb.opendatasoft.com/explore/assets/fishing-activities-gadus-morhua-atlantic-cod-landings-statistics-2000-2004/,Fishing activities - Gadus morhua (Atlantic cod) - Landings statistics (2000-2004),"Lien vers les données Landings in tonnes of live fish per quarter: mean over 5 years (2000-2004), International (FR,UK,Belgique, Pays-Bas, Danemark, Allemagne)","Gadus morhua, Gadus morhua","https://www.gbif.org/species/8084280, https://www.gbif.org/species/8084280"
https://pndb.opendatasoft.com/explore/assets/fishing-activities-homarus-gammarus-lobster-landings-statistics-2000-2006/,Fishing activities - Homarus gammarus (Lobster) - Landings statistics (2000-2006),"Lien vers les données Landings in tonnes of live fish per quarter: mean over 7 years (2000-2006), France and United Kingdom",Homarus gammarus,https://www.gbif.org/species/5972003
https://pndb.opendatasoft.com/explore/assets/fishing-activities-limanda-limanda-common-dab-landings-statistics-2000-2004/,Fishing activities - Limanda limanda (Common dab) - Landings statistics (2000-2004),"Lien vers les données Landings in tonnes of live fish per quarter: mean over 5 years (2000-2004), International (FR,UK,Belgique, Pays-Bas, Danemark, Allemagne)",Limanda limanda,https://www.gbif.org/species/5213960
https://pndb.opendatasoft.com/explore/assets/fishing-activities-maja-brachydactyla-spider-crab-landings-statistics-2000-2006/,Fishing activities - Maja brachydactyla (Spider crab) - Landings statistics (2000-2006),"Lien vers les données Landings in tonnes of live fish per quarter: mean over 7 years (2000-2006), France and United Kingdom",Maja brachydactyla,https://www.gbif.org/species/5729741
https://pndb.opendatasoft.com/explore/assets/fishing-activities-merlangius-merlangus-whiting-landings-statistics-2000-2004/,Fishing activities - Merlangius merlangus (Whiting) - Landings statistics (2000-2004),"Lien vers les données Landings in tonnes of live fish per quarter: mean over 5 years (2000-2004), International (FR,UK,Belgique, Pays-Bas, Danemark, Allemagne)",Merlangius merlangus,https://www.gbif.org/species/2415788
https://pndb.opendatasoft.com/explore/assets/fishing-activities-microstomus-kitt-lemon-sole-landings-statistics-2000-2004/,Fishing activities - Microstomus kitt (Lemon sole) - Landings statistics (2000-2004),"Lien vers les données Landings in tonnes of live fish per quarter: mean over 5 years (2000-2004), International (FR,UK,Belgique, Pays-Bas, Danemark, Allemagne)",Microstomus kitt,https://www.gbif.org/species/5214022
https://pndb.opendatasoft.com/explore/assets/fishing-activities-platichthys-flesus-european-flounder-landings-statistics-2000-2006/,Fishing activities - Platichthys flesus (European flounder) - Landings statistics (2000-2006),"Lien vers les données Landings in tonnes of live fish per quarter: mean over 7 years (2000-2006), France and United Kingdom",Platichthys flesus,https://www.gbif.org/species/2409330
https://pndb.opendatasoft.com/explore/assets/fishing-activities-sardina-pilchardus-european-pilchard-sardine-landings-statistics-2000-2006/,"Fishing activities - Sardina pilchardus (European Pilchard, Sardine) - Landings statistics (2000-200...","Lien vers les données Landings in tonnes of live fish per quarter: mean over 7 years (2000-2006), France and United Kingdom",Sardina pilchardus,https://www.gbif.org/species/2413224
https://pndb.opendatasoft.com/explore/assets/fishing-activities-solea-solea-common-sole-dover-sole-landings-statistics-2000-2006/,"Fishing activities - Solea solea (Common sole, Dover sole) - Landings statistics (2000-2006)","Lien vers les données Landings in tonnes of live fish per quarter: mean over 5 years (2000-2004), International (FR,UK,Belgique, Pays-Bas, Danemark, Allemagne)",Solea solea,https://www.gbif.org/species/5214139
https://pndb.opendatasoft.com/explore/assets/fishing-activities-spondyliosoma-cantharus-black-bream-landings-statistics-2000-2006/,Fishing activities - Spondyliosoma cantharus (Black bream) - Landings statistics (2000-2006),"Lien vers les données Landings in tonnes of live fish per quarter: mean over 7 years (2000-2006), France and United Kingdom",Spondyliosoma cantharus,https://www.gbif.org/species/2392356
https://pndb.opendatasoft.com/explore/assets/fishing-activities-squalus-acanthias-spurdog-piked-dogfish-landings-statistics-2000-2006/,"Fishing activities - Squalus acanthias (Spurdog, Piked dogfish) - Landings statistics (2000-2006)","Landings in tonnes of live fish per quarter: mean over 7 years (2000-2006), France and United Kingdom","Squalus acanthias, Squalus acanthias","https://www.gbif.org/species/5216368, https://www.gbif.org/species/5216368"
https://pndb.opendatasoft.com/explore/assets/frayere-de-merlan-en-manche-mer-du-nord/,"Frayère de merlan en Manche, mer du Nord","Lien vers les données Cette donnée est issue du rapport intitulé ""Spawning grounds of whiting (Merlanguis merlangius)"" de Gonzalez-Irusta, J.-M., Wright, P.J., (2017). Elle a été collectée dans le cadre d'un travail commandé à Agrocampus, mené par Amélie REGIMBART et Olivier LE PAPE.",Merlanguis merlangius,https://www.gbif.org/species/2415794
https://pndb.opendatasoft.com/explore/assets/frayeres-de-barbue-scophthalmus-rhombus-dans-le-golfe-du-lion/,Frayères de barbue (Scophthalmus rhombus) dans le Golfe du Lion,Lien vers les données La carte illustre la distribution moyenne de la biomasse adulte de barbue « Scophthalmus rhombus » au cours de sa période de reproduction (Janvier-Mars) entre 2008 et 2022 dans le Golfe du Lion. Ces patrons moyens de distribution sont accompagnés d'une carte représentant la variabilité associée (écart-type).,Scophthalmus rhombus,https://www.gbif.org/species/2409403
https://pndb.opendatasoft.com/explore/assets/frayeres-de-cardine-franche-lepidorhombus-whiffiagonis-dans-le-golfe-de-gascogne/,Frayères de cardine franche (Lepidorhombus whiffiagonis) dans le Golfe de Gascogne,Lien vers les données La carte illustre la distribution moyenne de la biomasse adulte de cardine franche « Lepidorhombus whiffiagonis » au cours de sa période de reproduction (Mars-Juin) entre 2008 et 2022 dans le Golfe de Gascogne. Ces patrons moyens de distribution sont accompagnés d'une carte représentant la variabilité associée (écart-type).,Lepidorhombus whiffiagonis,https://www.gbif.org/species/2409391
https://pndb.opendatasoft.com/explore/assets/frayeres-de-grondin-perlon-chelidonichthys-lucerna-dans-la-manche/,Frayères de grondin perlon (Chelidonichthys lucerna) dans la Manche,Lien vers les données La carte illustre la distribution moyenne de la biomasse adulte de grondin perlon « Chelidonichthys lucerna » au cours de sa période de reproduction (Mai-Juin) entre 2008 et 2022 dans la Manche. Ces patrons moyens de distribution sont accompagnés d'une carte représentant la variabilité associée (écart-type).,"Chelidonichthys lucerna, Chelidonichthys lucerna","https://www.gbif.org/species/2336774, https://www.gbif.org/species/2336774"
https://pndb.opendatasoft.com/explore/assets/frayeres-de-lamproies-marines-observatoire-selune/,Frayères de lamproies marines - Observatoire Sélune,"Lien vers les données Les frayères de lamproie marine Petromyzon marinus sont localisées dans le cadre de l'Observatoire Sélune. Cette espèce étant migratrice, sa colonisation de la Sélune et de ses affluents sera probablement influencée par l'effacement des barrages de la Sélune. Les frayères se caractérisent par une dépression accompagnée d’un dôme d’éjection sédimentaire immédiatement en aval. Les pierres retournées sur le dôme sont plus claires ce qui rend les nids facilement visibles et identifiables jusqu’à plusieurs semaines après le frai.",Petromyzon marinus,https://www.gbif.org/species/8236498
https://pndb.opendatasoft.com/explore/assets/frayeres-de-lieu-jaune-pollachius-pollachius-dans-la-manche/,Frayères de lieu jaune (Pollachius pollachius) dans la Manche,Lien vers les données La carte illustre la distribution moyenne de la biomasse adulte de lieu jaune « Pollachius pollachius » au cours de sa période de reproduction (Février-Avril) entre 2008 et 2022 dans la Manche. Ces patrons moyens de distribution sont accompagnés d'une carte représentant la variabilité associée (écart-type).,Pollachius pollachius,https://www.gbif.org/species/2415872
https://pndb.opendatasoft.com/explore/assets/frayeres-de-pageot-commun-pagellus-erythrinus-dans-le-golfe-du-lion/,Frayères de pageot commun (Pagellus erythrinus) dans le Golfe du Lion,Lien vers les données La carte illustre la distribution moyenne de la biomasse adulte de pageot commun « Pagellus erythrinus » au cours de sa période de reproduction (Mai-Août) entre 2008 et 2022 dans le Golfe du Lion. Ces patrons moyens de distribution sont accompagnés d'une carte représentant la variabilité associée (écart-type).,Pagellus erythrinus,https://www.gbif.org/species/2392554
https://pndb.opendatasoft.com/explore/assets/frayeres-de-petite-roussette-scyliorhinus-canicula-dans-le-golfe-du-lion/,Frayères de petite roussette (Scyliorhinus canicula) dans le Golfe du Lion,Lien vers les données La carte illustre la distribution moyenne de la biomasse adulte de petite roussette « Scyliorhinus canicula » au cours de sa période de reproduction (Janvier-Décembre) entre 2008 et 2022 dans le Golfe du Lion. Ces patrons moyens de distribution sont accompagnés d'une carte représentant la variabilité associée (écart-type).,Scyliorhinus canicula,https://www.gbif.org/species/2418684
https://pndb.opendatasoft.com/explore/assets/frayeres-de-raie-bouclee-raja-clavata-dans-la-manche/,Frayères de raie bouclée (Raja clavata) dans la Manche,Lien vers les données La carte illustre la distribution moyenne de la biomasse adulte de raie bouclée « Raja clavata » au cours de sa période de reproduction (Février-Septembre) entre 2008 et 2022 dans la Manche. Ces patrons moyens de distribution sont accompagnés d'une carte représentant la variabilité associée (écart-type).,Raja clavata,https://www.gbif.org/species/5216024
https://pndb.opendatasoft.com/explore/assets/frayeres-de-raie-douce-raja-montagui-dans-le-golfe-du-lion/,Frayères de raie douce (Raja montagui) dans le Golfe du Lion,Lien vers les données La carte illustre la distribution moyenne de la biomasse adulte de raie douce « Raja montagui » au cours de sa période de reproduction (Mai-Septembre) entre 2012 et 2022 dans le Golfe du Lion. Ces patrons moyens de distribution sont accompagnés d'une carte représentant la variabilité associée (écart-type).,Raja montagui,https://www.gbif.org/species/5216014
https://pndb.opendatasoft.com/explore/assets/frayeres-de-raie-etoilee-raja-asterias-dans-le-golfe-du-lion/,Frayères de raie étoilée (Raja asterias) dans le Golfe du Lion,Lien vers les données La carte illustre la distribution moyenne de la biomasse adulte de raie étoilée « Raja asterias » au cours de sa période de reproduction (Janvier-Décembre) entre 2009 et 2022 dans le Golfe du Lion. Ces patrons moyens de distribution sont accompagnés d'une carte représentant la variabilité associée (écart-type).,Raja asterias,https://www.gbif.org/species/5216016
https://pndb.opendatasoft.com/explore/assets/frayeres-de-saint-pierre-zeus-faber-dans-le-golfe-de-gascogne/,Frayères de saint-pierre (Zeus faber) dans le Golfe de Gascogne,Lien vers les données La carte illustre la distribution moyenne de la biomasse adulte de saint-pierre « Zeus faber » au cours de sa période de reproduction (Juin-Août) entre 2008 et 2022 dans le Golfe de Gascogne. Ces patrons moyens de distribution sont accompagnés d'une carte représentant la variabilité associée (écart-type).,"Zeus faber, Zeus faber","https://www.gbif.org/species/7744449, https://www.gbif.org/species/7744449"
https://pndb.opendatasoft.com/explore/assets/frayeres-de-tacaud-commun-trisopterus-luscus-dans-le-golfe-de-gascogne/,Frayères de tacaud commun (Trisopterus luscus) dans le Golfe de Gascogne,Lien vers les données La carte illustre la distribution moyenne de la biomasse adulte de tacaud commun « Trisopterus luscus » au cours de sa période de reproduction (Favrier-Mai) entre 2008 et 2022 dans le Golfe de Gascogne. Ces patrons moyens de distribution sont accompagnés d'une carte représentant la variabilité associée (écart-type).,Trisopterus luscus,https://www.gbif.org/species/2415916
https://pndb.opendatasoft.com/explore/assets/funiculina-quadrangularis-pennatulacea-presence-and-absence-extracted-from-video-from-fabri-et-al-2014/,"Funiculina quadrangularis (Pennatulacea) presence and absence extracted from video, from Fabri et al...","Lien vers les données Soft mud facies with Funiculina quadrangularis is an essential habitat for certain crustacean species (Parapenaeus longirostris and Nephrops norvegicus). These habitats are potentially vulnerable as they are targeted by fisheries. These VME fauna seem to have been swept away by repeated trawling. Vulnerable Marine Ecosystems (VME) in the deep Mediterranean Sea have been identified by the General Fisheries Commission for the Mediterranean as consisting of communities of Scleractinia (Lophelia pertusa and Madrepora oculata), Pennatulacea (Funiculina quadrangularis) and Alcyonacea (Isidella elongata). This dataset concerns video data recorded in the heads of French Mediterranean canyons. Quantitative observations were extracted from 101 video films recorded during the MEDSEACAN cruise in 2009 (Aamp/Comex), in addition to 12 Ifremer dives. Species recognized in the video films were recorded from 180 to 700 m depth, and were mapped using GIS. Funiculina quadrangularis was rarely observed, being confined for the most part to the Marti canyon (Hérault). This dataset is linked to the pulication Fabri et al, 2014. https://doi.org/10.1016/j.dsr2.2013.06.016","Lophelia pertusa, Madrepora oculata","https://www.gbif.org/species/2259224, https://www.gbif.org/species/2260584"
https://pndb.opendatasoft.com/explore/assets/gambusia-holbrooki-genome-raw-data/,Gambusia holbrooki genome raw data,Lien vers les données Raw reads for the assembly of Gambusia holbrooki genome.,Gambusia holbrooki,https://www.gbif.org/species/2350570
https://pndb.opendatasoft.com/explore/assets/genetic-diversity-and-connectivity-of-the-coral-madracis-decactis/,Genetic diversity and connectivity of the coral Madracis decactis,"Lien vers les données Population genetics dataset for the coral Madracis decactis, from 8 populations in the tropical Atlantic ddRAD genotyping was used to evaluate population connectivity and putative loci under selection in the coral Madracis decactis in 8 populations spanning its distribution in the Atlantic.",Madracis decactis,https://www.gbif.org/species/2259487
https://pndb.opendatasoft.com/explore/assets/genomax/,Genomax,Lien vers les données Données de séquençage multi-approches pour l'assemblage de novo du génome de Pinctada maxima,Pinctada maxima,https://www.gbif.org/species/4592299
https://pndb.opendatasoft.com/explore/assets/genome-of-hydrothermal-shrimp-rimicaris-exoculata/,Genome of hydrothermal shrimp Rimicaris exoculata,Lien vers les données Raw data of the long-read sequencing of the hydrothermal shrimp Rimicaris exoculata genome performed using a PacBio Sequel2 and HiFi technology on a SMRTcell,Rimicaris exoculata,https://www.gbif.org/species/4309635
https://pndb.opendatasoft.com/explore/assets/genotypic-and-phenotypic-data-of-ancestral-and-descendant-populations-of-viola-arvensis-in-four-location-of-the-parisian-region/,Genotypic and phenotypic data of ancestral and descendant populations of Viola arvensis in four loca...,"Lien vers les données This dataset was obtain while genotyping using microsatellites and phenotyping ancestral and descendant populations of four locations of the field pansy (Viola arvensis). Ancestral populations was obtained from seedbanks and were collected in the field in 90's-2000's and descendant were collected in the field in 2021. A first generation was grown in common garden in 2021 and genotyped (genotypes.csv). Using mother from the first generation, a second generation composed of families of 5 siblings was grown in controlled greenhouses in 2022. We phenotyped this second generation (vegetative_traits.csv, floral_traits.csv, floral_display.csv, nectar.csv, seeds.csv, visit_pollinators.csv). Measurements were made following the methods described in this paper https://doi.org/10.1111/nph.19422.",Viola arvensis,https://www.gbif.org/species/5331235
https://pndb.opendatasoft.com/explore/assets/geochemical-data-on-otoliths-of-chaetodon-speculum-from-new-caledonia/,Geochemical data on otoliths of chaetodon speculum from New Caledonia,"Lien vers les données Coral reefs are one of the most diverse ecosystems on Earth. They are currently exposed to increasing levels of anthropogenic perturbations. Several recent reviews point to the lack of good indicators for these perturbations especially to monitor their effects on fish populations or fish assemblages. The SW lagoon of New Caledonia is an ideal location to test indicator species in this context as contrasting sites are present within a small geographical range. This study analysed fish from four sites, one with heavy industrial pollution, another dominated by domestic waste, a third with historic mining activities, and the fourth as a control. The butterfly fish, Chaetodon speculum, was chosen to determine C. speculum’s potential as an indicator species due to its link to coral, its sedentary behaviour and its wide geographical distribution. The size distribution, growth rate, age distribution and whole otolith composition were analysed at each site. Age and mean growth rate were analysed from daily increments of the otoliths. The concentrations of eight elements (Li, Mg, Co, Cu, Rb, Sr, and Ba) were measured by ICP-MS in the otoliths. The sites under anthropogenic impact were distinct from the control site by fish size frequencies, age distributions, and the chemical content of their otoliths. The chemical elements Mg, Co, Cu, and Rb showed differences amongst sites. Fish belonging to the sites furthest from Noume´a could be discriminated in nearly 80% of samples or 60% of the cases when otolith weight or fish age respectively were taken into account. Ni concentrations of the otoliths were also higher in the bays where water concentrations of this element were known to be higher, but these differences were no longer significant once corrected for otolith weight.",Chaetodon speculum,https://www.gbif.org/species/2385315
https://pndb.opendatasoft.com/explore/assets/gorgonaires-callogorgia-verticillata-dans-le-canyon-de-cassidaigne-videocor1-2017/,Gorgonaires Callogorgia verticillata dans le canyon de Cassidaigne (Videocor1 2017),"Lien vers les données Distribution des gorgonaires Callogorgia verticillata observées pendant la campagne VIDEOCOR_2017 dans le canyon de Cassidaigne (L'Europe 2017, H-ROV Ariane). Données liées à la publication Fabri et al., 2019. https://doi.org/10.1016/j.pocean.2019.102172",Callogorgia verticillata,https://www.gbif.org/species/2261987
https://pndb.opendatasoft.com/explore/assets/gorgonaires-viminella-flagellum-dans-le-canyon-de-cassidaigne-videocor1-2017/,Gorgonaires Viminella flagellum dans le canyon de Cassidaigne (Videocor1 2017),"Lien vers les données Distribution des gorgonaires Viminella flagellum observées pendant la campagne Videocor1 dans le canyon de Cassidaigne (L'Europe 2017, H-ROV Ariane). Données liées à la publication Fabri et al., 2019. https://doi.org/10.1016/j.pocean.2019.102172","Viminella flagellum, Viminella flagellum","https://www.gbif.org/species/4339796, https://www.gbif.org/species/4339796"
https://pndb.opendatasoft.com/explore/assets/growth-parameters-data-size-and-weight-and-sexual-maturity-considering-fish-cephalopods-and-crustaceans-of-the-gulf-of-lions/,"Growth parameters data (size and weight) and sexual maturity considering fish, cephalopods and crust...","Lien vers les données These data refers to biological data of some of the main commercial marine species of the Gulf of Lions. The biological informations collected refer to growth curves in size and weight and sexual maturity. The species selected are commercial species such as fish (Dicentrarchus labrax, Engraulis encrasicolus, Liza ramada, Mugil cephalus, Lophius budegassa, Merluccius merluccius, Mullus barbatus barbatus, Mullus surmuletus, Pagellus erythrinus, Raja clavata, Sardina pilchardus, Scyliorhinus canicula, Scomber scombrus, Solea solea, Sparus aurata, Trachurus trachurus, Trisopterus minutus capelanus, Thunnus thynnus), cephalopods (Eledone cirrhosa, Octopus vulgaris) and crustaceans (Parapenaeus longirostris)","Liza ramada, Liza ramada, Mugil cephalus, Mugil cephalus, Trachurus trachurus, Trachurus trachurus","https://www.gbif.org/species/2400718, https://www.gbif.org/species/2400718, https://www.gbif.org/species/8189568, https://www.gbif.org/species/8189568, https://www.gbif.org/species/5210473, https://www.gbif.org/species/5210473"
https://pndb.opendatasoft.com/explore/assets/habitat-extent-distribution-of-threatened-andor-declining-species-iucn-headquarters-international-union-for-conservation-of-nature-acipenser-sturio/,Habitat extent | Distribution of Threatened and/or Declining Species | IUCN Headquarters - Internati...,Lien vers les données,Acipenser sturio,https://www.gbif.org/species/2402203
https://pndb.opendatasoft.com/explore/assets/habitat-extent-distribution-of-threatened-andor-declining-species-iucn-headquarters-international-union-for-conservation-of-nature-salmo-salar/,Habitat extent | Distribution of Threatened and/or Declining Species | IUCN Headquarters - Internati...,Lien vers les données,Salmo salar,https://www.gbif.org/species/7595433
https://pndb.opendatasoft.com/explore/assets/haliotis-tuberculata-a-generalist-marine-herbivore-that-prefers-a-mixed-diet-but-with-consistent-individual-foraging-activity/,"Haliotis tuberculata , a generalist marine herbivore that prefers a mixed diet, but with consistent ...","Lien vers les données While population foraging behaviour of herbivores has been extensively studied, individual choice is still poorly understood. Because marine ectotherms are strongly influenced by their environment and because a mixed diet is appropriate for herbivores, we hypothesized that Haliotis tuberculata, a large marine gastropod, would not exhibit significant individual consistency in foraging activity and would display generalist food choices. To test these hypotheses, the behaviour of 120 abalone was studied using a choice test of eight macroalgal species (Asparagopsis armata, Palmaria palmata, Enteromorpha intestinalis, Ulva lactuca, Saccharina latissima, Saccorhyza polyschides, Laminaria digitata and stipes of Laminaria hyperborea). Adult Haliotis tuberculata, reared during 4 years in sea-cage structure were transported to a land-based laboratory. Once in the laboratory, eight abalone were randomly assigned to each experimental tank (n= 15 tanks in total). A reflective tag was glued to each individual to allow us to recognize each individual abalone. Foraging activity and food choice was determined for each individual over 3-weeks, with video recording 24 hours a day.","Asparagopsis armata, Asparagopsis armata, Enteromorpha intestinalis, Enteromorpha intestinalis, Haliotis tuberculata, Haliotis tuberculata, Laminaria digitata, Laminaria digitata, Laminaria hyperborea, Laminaria hyperborea, Palmaria palmata, Palmaria palmata, Saccharina latissima, Saccharina latissima, Saccorhyza polyschides, Saccorhyza polyschides, Ulva lactuca, Ulva lactuca","https://www.gbif.org/species/5279840, https://www.gbif.org/species/5279840, https://www.gbif.org/species/8011914, https://www.gbif.org/species/8011914, https://www.gbif.org/species/2293076, https://www.gbif.org/species/2293076, https://www.gbif.org/species/5422479, https://www.gbif.org/species/5422479, https://www.gbif.org/species/5422383, https://www.gbif.org/species/5422383, https://www.gbif.org/species/7843860, https://www.gbif.org/species/7843860, https://www.gbif.org/species/4377207, https://www.gbif.org/species/4377207, https://www.gbif.org/species/5422611, https://www.gbif.org/species/5422611, https://www.gbif.org/species/5273309, https://www.gbif.org/species/5273309"
https://pndb.opendatasoft.com/explore/assets/heritability-of-boldness-and-hypoxia-avoidance-in-european-seabass-dicentrarchus-labrax/,"Heritability of Boldness and Hypoxia Avoidance in European Seabass, Dicentrarchus labrax","Lien vers les données To understand the genetic basis of coping style in European seabass, fish from a full factorial mating (10 females x 50 males) were reared in common garden and individually tagged. Individuals coping style was characterized through behavior tests at four different ages, categorizing fish into proactive or reactive: a hypoxia avoidance test (at 255 days post hatching, dph) and 3 risk-taking tests (at 276, 286 and 304 dph). We observed significant heritability of the coping style, higher for the average of risk-taking scores (h² = 0.45 ± 0.14) than for the hypoxia avoidance test (h² = 0.19 ± 0.10). The genetic correlations between the three risk-taking scores were very high (rA = 0.96 – 0.99) showing that although their repeatability was moderately high (rP = 0.64 – 0.72), successive risk-taking tests evaluated the same genetic variation. A mild genetic correlation between the results of the hypoxia avoidance test and the average of risk-taking scores (0.45 ± 0.27) suggested that hypoxia avoidance and risk-taking tests do not address exactly the same behavioral and physiological responses. Genetic correlations between weight and risk taking traits showed negative values whatever the test used in our population i.e. reactive individual weights were larger. The results of this quantitative genetic analysis suggest a potential for the development of selection programs based on coping styles that could increase seabass welfare without altering growth performances. Overall, it also contributes to a better understanding of the origin and the significance of individual behavioral differences.",Dicentrarchus labrax,https://www.gbif.org/species/2394622
https://pndb.opendatasoft.com/explore/assets/high-quality-morphological-genomic-and-transcriptomic-data-for-the-small-spotted-catshark-scyliorhinus-canicula/,"High-quality morphological, genomic and transcriptomic data for the small-spotted catshark Scyliorhi...","Lien vers les données This series of datasets comes as the Supplementary Datasets in manuscript ""The sensory shark: high-quality morphological, genomic and transcriptomic data for the small-spotted catshark Scyliorhinus canicula reveal the molecular bases of sensory organ evolution in jawed vertebrates"" accepted in MBE and available in BioRxiv doi 2024.05.23.595469 and is composed of: - SDataset1_EmbryoZscore.csv (csv file, ';' as separator: Z-scores for all genes in the comparison between embryonic stages) ; - SDataset2_EmbryoAutocorrelation.csv (csv file, ';' as separator: autocorrelation values for all genes in the comparison between embryonic stages) ; - SDataset2_cluster1.csv (csv file, ';' as separator: list of genes contained in cluster 1 with details of their Zscore and TPM in embryonic stages) ; - SDataset2_cluster2.1.csv (csv file, ';' as separator: list of genes contained in cluster 2.1 with details of their Zscore and TPM in embryonic stages) ; - SDataset2_cluster2.2.csv (csv file, ';' as separator: list of genes contained in cluster 2.2 with details of their Zscore and TPM in embryonic stages) ; - SDataset2_cluster2.3.csv (csv file, ';' as separator: list of genes contained in cluster 2.3 with details of their Zscore and TPM in embryonic stages) ; - SDataset2_cluster2.4.csv (csv file, ';' as separator: list of genes contained in cluster 2.4 with details of their Zscore and TPM in embryonic stages) ; - SDataset4-AdultZscore.csv (csv file, ';' as separator: Z-scores for all genes in the comparison between adult tissues) ; - SDataset5 including 25 files named SDataset5_*organs.csv: GOterm association analysis in each 25 adult tissues (csv files, ';' as separator) ; - SDataset6_videoFrontal (.mp4 file Video to see olfactory nerve, frontal view); - SDataset7_videoVentral (.mp4 file Video to see olfactory nerve, ventral view); - SDataset8 including SDataset8_AOL.csv, SDataset8_BrainOlf.csv and SDataset8_Eye.csv (csv file, ';' as separator: tables of the Top-50 genes in the ampullae of Lorenzini (AOL); brain and olfactory epithelium; and eye, respectively); - SDataset9_allTPM.cvs (csv file, ';' as separator: Transcript Per Kilobase Million values (TPMs) for all genes and in all tissues) ; - SDataset10_allZscores.csv (csv file, ';' as separator: Z-scores for all genes in the comparison between all tissues).",This series,https://www.gbif.org/species/1562057
https://pndb.opendatasoft.com/explore/assets/hydrothermal-faunal-communities-of-the-snake-pit-vent-field/,Hydrothermal faunal communities of the Snake Pit vent field,"Lien vers les données This video illustrates the different hydrothermal communities found at 3500 m depth on the Snake Pit vent field including swarms of the shrimp Rimicaris exoculata found in the hottest habitats, in the vicinity of black smokers, assemblages of the mussels Bathymodiolus puteoserpentis on the Elan sulfide structure in low-temperature habitats and a new assemblage of small Peltospira smaragdina gastropods, also associated to high temperature habitats. Video sequences were acquired during the BICOSE2 cruise (2018) with the HOV Nautile.","Bathymodiolus puteoserpentis, Peltospira smaragdina","https://www.gbif.org/species/5855330, https://www.gbif.org/species/4358598"
https://pndb.opendatasoft.com/explore/assets/improved-accuracy-and-spatial-resolution-for-bio-logging-derived-chlorophyll-a-fluorescence-measurements-in-the-southern-ocean/,Improved accuracy and spatial resolution for bio-logging-derived chlorophyll a fluorescence measurem...,"Lien vers les données The ocean’s meso- and submeso-scales (1-100 km, days to weeks) host features like filaments and eddies that have a key structuring effect on phytoplankton distribution, but that due to their ephemeral nature, are challenging to observe. This problem is exacerbated in regions with heavy cloud coverage and/or difficult access like the Southern Ocean, where observations of phytoplankton distribution by satellite are sparse, manned campaigns costly, and automated devices limited by power consumption. Here, we address this issue by considering high-resolution in-situ data from 18 bio-logging devices deployed on southern elephant seals (Mirounga leonina) in the Kerguelen Islands between 2018 and 2020. These devices have submesoscale-resolving capabilities of light profiles due to the high spatio-temporal frequency of the animals’ dives (on average 1.1 +-0.6 km between consecutive dives, up to 60 dives per day), but observations of fluorescence are much coarser due to power constraints. Furthermore, the chlorophyll a concentrations derived from the (uncalibrated) bio-logging devices’ fluorescence sensors lack a common benchmark to properly qualify the data and allow comparisons of observations. By proposing a method based on functional data analysis, we show that a reliable predictor of chlorophyll a concentration can be constructed from light profiles (14 686 in our study) and matchups with satellite ocean-color data, thus enabling effective (1) homogenization then calibration of the bio-logging devices’ fluorescence data and (2) filling of the spatial gaps in coarse-grained fluorescence sampling. The developed method improves the spatial resolution of the chlorophyll a field description from ~30 km to ~12 km. These results open the way to empirical study of the coupling between physical forcing and biological response at submesoscale in the Southern Ocean, especially useful in the context of upcoming high-resolution ocean-circulation satellite missions like SWOT.",Mirounga leonina,https://www.gbif.org/species/2434814
https://pndb.opendatasoft.com/explore/assets/indicateurs-evaluant-letat-du-peuplement-ichtyologique-de-trois-platiers-recifaux-de-la-reunion-projet-utopian/,Indicateurs évaluant l'état du peuplement ichtyologique de trois platiers récifaux de La Réunion - P...,"Lien vers les données Parmi les indicateurs composites établis lors du projet UTOPIAN, il y a celui qui mesure l'état du peuplement ichtyologique. Ce dernier est issu d'une moyenne de trois indicateurs : la diversité des poissons, l'abondance et la maturité des Scaridae et l'abondance et la maturité des Epinephelus merra. Ici sont regroupés ces 3 indicateurs pour chaque complexe récifal, ainsi que les stations échantillonnées (avec les résultats associés) et l'indicateur composite final.",Epinephelus merra,https://www.gbif.org/species/2388193
https://pndb.opendatasoft.com/explore/assets/individual-carbon-and-nitrogen-stable-isotope-compositions-of-sixteen-deep-pelagic-fish-species-from-the-bay-of-biscay-northeast-atlantic/,Individual carbon and nitrogen stable isotope compositions of sixteen deep pelagic fish species from...,"Lien vers les données The dataset contains individual carbon and nitrogen stable isotope compositions (δ13C and δ15N values, respectively) measured on 605 individuals belonging to 16 deep pelagic fish species (Arctozenus risso, Argyropelecus olfersii, Benthosema glaciale, Cyclothone spp., Lampanyctus crocodilus, Lampanyctus macdonaldi, Lestidiops sphyrenoides, Maulisia argipalla, Maurolicus muelleri, Melanostigma atlanticum, Myctophum punctatum, Notoscopelus bolini, Notoscopelus kroyeri, Searsia koefoedi, Serrivomer beanii, Xenodermichthys copei) collected on the Bay of Biscay slope, Northeast Atlantic. Fish sampling was carried out by pelagic trawl in canyons of the continental slope of the Bay of Biscay during EVHOE scientific cruises (""Evaluation Halieutique de l'Ouest de l'Europe""; https://doi.org/10.18142/8) in fall 2021. Trawls were conducted at night between 25 m and 1335 m depth at 7 stations. Each haul was conducted at a selected depth. Once the trawl reached the selected depth, it was towed horizontally (i.e. constant depth) at 4 knots for 1 hour. The average vertical mouth opening was about 24 m and the horizontal opening was about 58 m. Sub-samples for stable isotope analyses were taken from the white dorsal muscle. Small individuals of the same size sampled during the same trawling operation were grouped to have sufficient material for isotopic analyses. Analyses were performed using an isotope ratio mass spectrometer (Delta V Advantage with a Conflo IV interface, Thermo Scientific) coupled to an elemental analyser (Flash EA, 2000; Thermo Scientific). Results are presented in the usual δ notation relative to the deviation from international standards (PDB for δ13C values, atmospheric nitrogen for δ15N values), in parts per thousand (‰). Based on repeated measurements of USGS-61 and USGS-62, used as internal laboratory standards, the experimental analytical precision was &lt;0.15‰ for both δ13C and δ15N values. As lipids are highly depleted in 13C, variations in δ13C values can occur between species with very different lipid contents while their food may be similar, biasing the interpretation of δ13C values. To mitigate this bias, individuals with a high lipid content (i.e. C:N &gt; 5) were treated to remove lipids (see methodology Loutrage et al., 2024).","Benthosema glaciale, Lestidiops sphyrenoides, Maulisia argipalla, Maurolicus muelleri, Notoscopelus bolini","https://www.gbif.org/species/2406057, https://www.gbif.org/species/2401508, https://www.gbif.org/species/2411050, https://www.gbif.org/species/2347501, https://www.gbif.org/species/2406107"
https://pndb.opendatasoft.com/explore/assets/individual-carbon-and-nitrogen-stable-isotope-compositions-with-length-weight-and-trawling-depth-for-twelve-deep-pelagic-fish-species-from-the-bay-of-biscay-northeast-atlantic-between-2007-and-2021/,"Individual carbon and nitrogen stable isotope compositions with length, weight, and trawling depth f...","Lien vers les données The dataset contains individual carbon and nitrogen stable isotope compositions (δ13C and δ15N values, respectively) measured on 682 individuals belonging to 12 deep pelagic fish species (Aphanopus carbo, Arctozenus risso, Argyropelecus olfersii, Lampanyctus crocodilus, Lampanyctus macdonaldi, Melanostigma atlanticum, Myctophum punctatum, Notoscopelus kroyeri, Searsia koefoedi, Serrivomer beanii, Stomias boa, Xenodermichthys copei) collected on the Bay of Biscay slope, Northeast Atlantic. Individuals of all the species considered cover a wide range of lengths and weights. These parameters are reported individually as well as the trawling depth. Fish sampling was carried out by pelagic trawl in canyons of the continental slope of the Bay of Biscay during EVHOE scientific cruises (""Evaluation Halieutique de l'Ouest de l'Europe""; https://doi.org/10.18142/8) between 2007 and 2021. Trawls were conducted at night between 25 m and 2000 m depth at 17 stations. Each haul was conducted at a selected depth. Once the trawl reached the selected depth, it was towed horizontally (i.e. constant depth) at 4 knots for 1 hour. The average vertical mouth opening was about 24 m and the horizontal opening was about 58 m. Sub-samples for stable isotope analyses were taken from the white dorsal muscle (n= 682). In order to have sufficient material for isotopic analyses, small individuals belonging to the same size range and sampled in a similar depth range were pooled. Analyses were performed using an isotope ratio mass spectrometer (Delta V Advantage with a Conflo IV interface, Thermo Scientific) coupled to an elemental analyser (Flash EA, 2000; Thermo Scientific). Results are presented in the usual δ notation relative to the deviation from international standards (PDB for δ13C values, atmospheric nitrogen for δ15N values), in parts per thousand (‰). Based on repeated measurements of USGS-61 and USGS-62, used as internal laboratory standards, the experimental analytical precision was &lt;0.15‰ for both δ13C and δ15N values. Because lipids are highly depleted in 13C relative to other tissue components (DeNiro and Epstein, 1977), significant variations in lipids (especially among species) can affect δ13C values even if trophic sources are similar. For part of the samples, measures were thus acquired on bulk (untreated) muscle samples and/or on delipidated samples (especially for samples prior to 2017 and/or fatty samples) using cyclohexane as the solvent to extract lipids, as described in Chouvelon et al. (2011). For these samples, both δ13C and δ15N values are thus indicated when available, showing no effect of cyclohexane on δ15N values but only on δ13C values when appropriate. With the elemental analyser, bulk C:N ratios measured on samples could be also determined and indicated. Indeed, bulk C:N ratios may be used as a proxy of the lipid content or body condition of organisms, especially in fish (Post et al., 2007; Hoffman et al., 2015) and can thus help identify potential fatty species and/or individuals needing lipid extraction and/or mathematical corrections for δ13C values (e.g. when C:N ratio is &gt;3.5 in aquatic samples; Post et al., 2007).","Aphanopus carbo, Arctozenus risso, Argyropelecus olfersii, Lampanyctus crocodilus, Lampanyctus macdonaldi, Melanostigma atlanticum, Myctophum punctatum, Notoscopelus kroyeri, Searsia koefoedi, Serrivomer beanii, Stomias boa, Xenodermichthys copei","https://www.gbif.org/species/2389391, https://www.gbif.org/species/2401551, https://www.gbif.org/species/2347591, https://www.gbif.org/species/2405972, https://www.gbif.org/species/2405998, https://www.gbif.org/species/5209502, https://www.gbif.org/species/2405855, https://www.gbif.org/species/2406108, https://www.gbif.org/species/5214432, https://www.gbif.org/species/2403665, https://www.gbif.org/species/2346868, https://www.gbif.org/species/2410638"
https://pndb.opendatasoft.com/explore/assets/inventaire-des-bancs-de-maerl-a-phymatolithon-calcareum-en-mer-des-pertuis-charentais-etat-1940-2012/,Inventaire des bancs de maerl à Phymatolithon calcareum en Mer des Pertuis Charentais. Etat 1940-201...,"Lien vers les données Un inventaire des bancs de maerl, algues rouges marines Corallinacées à thalles calcifiés arbusculaires et non fixés, est réalisé dans les Pertuis Charentais grâce à la compilation de données historiques et de nouvelles observations sur la période 2006-2012. L’emprise géographique de l’inventaire englobe les Pertuis Breton, d’Antioche et de Maumusson, s’étend de l’estuaire du Lay au Nord à la baie de Marennes-Oléron au Sud et inclut les pourtours des îles de Ré, d’Oléron et d’Aix. Sont contributrices à cet inventaire, les prospections DCE 2006, les contrôles de surveillance DCE 2007 à 2012 sous l’égide d’Ifremer et des Agences de l’Eau Loire-Bretagne et Adour-Garonne, les prospections réalisées pour le Port Atlantique La Rochelle sur le site de dépôts de dragage du Lavardin de 2007 à 2012, les prospections 2007 FONSOLE d’Ifremer et les prospections d’Ifremer et du laboratoire LIENSs en vue de cartographier les stocks de crépidules en mer des Pertuis Charentais. S’ajoutent des prospections spécifiques réalisées en 2011 à bord du navire Estran par benne sur les fonds sédimentaires infralittoraux du Pertuis Breton et par cadrat en zone intertidale en 2012 sur les pourtours des îles de Ré, d’Oléron et le long des falaises d’Aytré. Le positionnement des stations de vérité terrain ont eu lieu par relevés GPS ou dGPS. Repéré initialement par des prélèvements à la benne en octobre 2009 lors de la validation de prospections sonar pour individualiser les stocks de crépidules, un banc de maerl vif est cartographié en juillet 2011 en rade de Saint-Martin dans le Pertuis Breton. Sa superficie est estimée à plus de 2 km². Des prospections pedibus jambi réalisées à la pointe du Grouin et à Saint-Martin de Ré ont permis de confirmer la présence de maerl vif épars sur le bas des estrans. Cela suggère un éparpillement des thalles de maerl vif sur plusieurs dizaines de km² autour du banc principal de Saint-Martin. Est aussi confirmé l’unique relevé algologique de Phymatolithon calcareum fait au début du XXème siècle à Saint-Martin de Ré par Dollfus, probablement déjà en bas d’estran comme observé en 2012 à proximité de la balise du Couronneau. De très nombreux thalles de maerl mort en voie de diagénèse ont aussi été observés dans l’Est et le Sud-Est des Pertuis Breton et d’Antioche suggérant des apports par transports passifs issus de bancs vivants situés plus à l’Ouest, y compris dans le Pertuis d’Antioche. La présence de maerl vif sur le bas des estrans est en effet connue très ponctuellement dans l’Ouest des îles d’Oléron (Pointe de Chassiron) et de Ré (Phare des Baleines) via des relevés algologiques et faunistiques récents. Sur le plan biogéographique, le banc de maerl du Pertuis Breton est le plus oriental et le plus méridional de ceux connus dans le Golfe de Gascogne. Les bancs de maerl connus les plus proches sont respectivement situés à Noirmoutier (baie de Bourgneuf) et en Galice (Espagne). Ces observations complètent l’atlas cartographique des populations de maerl en Europe édité sous l’égide de la convention OSPAR. Elles apportent une base de connaissances pour les futures actions de conservation à définir localement dans le contexte Natura 2000 en mer du Parc Naturel Marin de l’estuaire de la Gironde et des Pertuis charentais.",Phymatolithon calcareum,https://www.gbif.org/species/2654944
https://pndb.opendatasoft.com/explore/assets/inventaire-des-gisements-de-mollusques-comestibles-des-cotes-de-la-charente-inferieure-guerin-1904-etat-1904-1907/,"Inventaire des gisements de mollusques comestibles des côtes de la Charente-Inférieure (Guérin, 1904...","Lien vers les données La distribution géographique des principaux gisements de mollusques comestibles des côtes de la Charente-Inférieure et du sud Vendée a été dressée en 1904 et 1907 par J. Guérin nommé aussi Guérin-Ganivet, préparateur au Muséum d’Histoire naturelles de Paris. L’iconographie est présentée sous forme de cartes dressées par A. Vaset (Guérin, 1904 ; Guérin-Ganivet, 1907). La carte de 1904 préalablement numérisée sur un support présent à la Médiathèque de La Rochelle a été digitalisée gisements par gisements afin d’extraire l’information spécifique. L’inventaire porte sur les gisements naturels et les structures d’élevage sur estrans (viviers, parcs, bouchots) ou à terre (claires) pour les espèces comestibles de l’époque. Sont répertoriées les gisements naturels disparus ou actifs, les viviers et claires d’engraissement et de verdissage de l’huître plate indigène Ostrea edulis Linné, 1758, les gisements naturels anciens ou récents, les viviers et claires pour l’huître introduite portugaise Crassostrea angulata Lamarck reconnue aujourd’hui comme étant similaire à l’huître creuse japonaise Crassostrea gigas (Thunberg, 1793) ; les moulières naturelles et bouchots à Mytilus edulis Linné, 1758 ainsi que les principaux gisements naturels du pétoncle Mimachlamys varia (Linné, 1758), de la palourde européenne Venerupis decussata (Linné, 1758), de la coque commune Cerastoderma edule (Linné, 1758) et de deux espèces de couteaux Ensis ensis (Linné, 1758) et Solen marginatus Pulteney, 1799. La reprise des informations des deux textes publiés (Guérin, 1904 ; Guérin-Ganivet, 1907) apporte des compléments sur la localisation de gisements naturels d’anomie Anomia ephippium Linné, 1758, de la lutraire Lutraria oblonga (Gmelin, 1791) et de la coquille St-Jacques Pecten maximus (Linné, 1758).","Anomia ephippium, Cerastoderma edule, Crassostrea angulata, Crassostrea gigas, Ensis ensis, Lutraria oblonga, Mimachlamys varia, Mytilus edulis, Ostrea edulis, Pecten maximus, Solen marginatus, Venerupis decussata","https://www.gbif.org/species/5188926, https://www.gbif.org/species/2286583, https://www.gbif.org/species/2286078, https://www.gbif.org/species/2286069, https://www.gbif.org/species/2287248, https://www.gbif.org/species/4371505, https://www.gbif.org/species/4373480, https://www.gbif.org/species/8288896, https://www.gbif.org/species/2286060, https://www.gbif.org/species/2285980, https://www.gbif.org/species/2287239, https://www.gbif.org/species/9574566"
https://pndb.opendatasoft.com/explore/assets/isidella-elongata-alcyonacea-presence-and-absence-extracted-from-video-from-fabri-et-al-2014/,"Isidella elongata (Alcyonacea) presence and absence extracted from video, from Fabri et al, 2014","Lien vers les données Compact mud facies with Isidella elongata is a relevant habitat for red shrimps (Aristeus antennatus and Aristaeomorpha foliacea). These habitats are potentially vulnerable as they are targeted by fisheries.These VME fauna seem to have been swept away by repeated trawling. Vulnerable Marine Ecosystems (VME) in the deep Mediterranean Sea have been identified by the General Fisheries Commission for the Mediterranean as consisting of communities of Scleractinia (Lophelia pertusa and Madrepora oculata), Pennatulacea (Funiculina quadrangularis) and Alcyonacea (Isidella elongata). This dataset concerns video data recorded in the heads of French Mediterranean canyons. Quantitative observations were extracted from 101 video films recorded during the MEDSEACAN cruise in 2009 (Aamp/Comex), in addition to 12 Ifremer dives. Species recognized in the video films were recorded from 180 to 700 m depth, and were mapped using GIS. Isidella elongata was abundant in three canyons of the Gulf of Lion (Bourcart, Marti, Petit-Rhône). This dataset is linked to the pulication Fabri et al, 2014. https://doi.org/10.1016/j.dsr2.2013.06.016",Aristeus antennatus,https://www.gbif.org/species/5178443
https://pndb.opendatasoft.com/explore/assets/isotopic-characterisation-of-waters-and-tree-ring-cellulose-along-the-rhone-2000-2010/,Isotopic characterisation of waters and tree ring cellulose along the Rhône (2000-2010),"Lien vers les données Individual isotopic data points from point samples of water sources (river water, soil water, groundwater), as well as those extracted from tree-ring cellulose over decadal time series from Fraxinus and Populus trees in Rhône floodplains at Pierre-Bénite, Péage-de-Roussillon, Donzère-Mondragon, Mas Thibert, over the period 2000-2010.","Populus trees, Populus trees","https://www.gbif.org/species/8254474, https://www.gbif.org/species/8254474"
https://pndb.opendatasoft.com/explore/assets/iss_loire-flowering-phenology-on-95-populus-nigra-trees/,ISS_Loire : flowering phenology on 95 Populus nigra trees,"Data on flowering phenology on 55 individuals of the ISS Loire (located in map 19) : observations in 2003 (7 data), 2004 (13 data) and 2006 (8 data).\\nData on flowering phenology on 40 individuals of the ISS Loire (located in map 1) : observations in 2006 (7 data).",Populus nigra,https://www.gbif.org/species/3040227
https://pndb.opendatasoft.com/explore/assets/iss_loire-study-of-the-ecotopes-related-to-populus-nigra/,ISS_Loire : study of the ecotopes related to Populus nigra,"Lien vers les données Inventory and description of the ecotopes related to Populus nigra along the ISS Loire. 386 plots georeferenced in ArcGis 9.2 (Lambert II etendue). Visualisation on 22 maps (Jpeg). Classification of the 386 plots in 9 ecotopes according to the typology of Th. Cornier (1999). Data : name, surface, location, presence of other tree species and shrubs (total of 38, including Populus nigra var. italica and various Populus hybrids), species coverage and sociability (according to Braun-Blanquet), Populus nigra density, Populus nigra circumference, vertical coverage and presence of beaver.",Populus hybrids,https://www.gbif.org/species/7956616
https://pndb.opendatasoft.com/explore/assets/juvenile-fish-densities-and-megafaunal-isotopic-data-in-the-bay-of-concarneau-and-the-bay-of-vilaine-brittany-france/,Juvenile fish densities and megafaunal isotopic data in the Bay of Concarneau and the Bay of Vilaine...,"Lien vers les données The shared data are (i) sizes (in cm) and densities (indiv.per1000m²) of juvenile fish and (ii) isotopic data (deltaC and deltaN) for macro- and mega-invertebrates, juvenile fish, and organic matter sources. These data are for 3 habitats (i.e. Sternaspis scutata, Amphiura filiformis/Owenia fusiformis, and Haploops nirae habitats, respectively coded as Code.Habitat 1, 2, and 3) in two coastal bays of South Brittany; the Bay of Concarneau (Code.Bay 1) and the Bay of Vilaine (Code.Bay 2). See the map attached to the dataset for more details.","Amphiura filiformis, Haploops nirae, Owenia fusiformis, Sternaspis scutata","https://www.gbif.org/species/2277820, https://www.gbif.org/species/4315675, https://www.gbif.org/species/5199345, https://www.gbif.org/species/9795553"
https://pndb.opendatasoft.com/explore/assets/le-banc-des-hermelles-sabellaria-alveolata-les-banquettes-a-lanice-lanice-conchilega-de-sainte-anne-en-baie-du-mont-saint-michel-etat-1964/,"Le banc des hermelles (Sabellaria alveolata), les banquettes à Lanice (Lanice conchilega) de Sainte-...","Lien vers les données Carte semi-régulière du banc des hermelles (Sabellaria alveolata), des bancs de sable associés et des banquettes à lanice (Lanice conchilega) de Sainte-Anne en baie du Mont Saint-Michel au 1/25000.",Lanice conchilega,https://www.gbif.org/species/2325106
https://pndb.opendatasoft.com/explore/assets/leptometra-phalangium-comatulida-presence-and-absence-data-reported-from-canyons-along-the-french-mediterranean-coasts-2009-2010/,Leptometra phalangium (Comatulida) presence and absence data reported from canyons along the french ...,Lien vers les données Data were extracted from videos recorded during MEDSEACAN_2009 and CORSEACAN_2010 cruises operated by Comex (Aamp funding). Underwater vehicles were either Achille ROV or Remora submersible. Video analyses were realized by Ifremer and GIS posidonie.,Leptometra phalangium,https://www.gbif.org/species/9773472
https://pndb.opendatasoft.com/explore/assets/long-term-monitoring-of-near-surface-soil-temperature-associated-to-the-individual-based-demographic-survey-of-eryngium-alpinum-l/,Long term monitoring of near surface soil temperature associated to the individual-based demographic...,"Lien vers les données Monitoring of near-surface soil temperature in the Ecrins and Vanoise National Parks. Data are part of an individual-based demographic survey project on Eryngium alpinum L. . Data include a GPS position, a date and time in UTC and a near-surface soil temperature (in °C) measured at 5 cm belowground using stand-alone temperature data logger (iButtons).",Eryngium alpinum,https://www.gbif.org/species/3633778
https://pndb.opendatasoft.com/explore/assets/lordosis-recovery-in-juvenile-zebrafish-danio-rerio-histological-and-rnaseq-approach/,Lordosis recovery in juvenile zebrafish (Danio rerio): Histological and RNAseq approach,"The aims of the present study were a) to address whether haemal lordosis can recover in juvenile zebrafish through histological approaches, and b) to explore possible changes at the transciptomic level of this fast musculoskeletal remodeling from lordotic to normal",Danio rerio,https://www.gbif.org/species/9797255
https://pndb.opendatasoft.com/explore/assets/map-of-the-current-and-potential-populations-of-the-western-europe-lynx-lynx-lynx-metapopulation/,Map of the current and potential populations of the Western Europe lynx (Lynx lynx) metapopulation,"Lien vers les données In compliance with the initial recommendations made by the national action plan (PNA), in March 2022 the Ecology Minister and the Junior Minister for Biodiversity together commissioned the National Museum of Natural History (MNHN) and the French Biodiversity Agency (OFB) to carry out an assessment of the conditions required for the viability of the Eurasian lynx in France in 2030, a decisive factor for its presence in France, and the effects on viability of a potential effort to reinforce those populations. The assessment was carried out over 18 months by a project team and a group of 15 French and Swiss experts implementing a multi-disciplinary approach in the fields of both ecology and the human and social sciences. The project also benefited from the knowledge of French and European experts from outside the project team, who were contacted as needed to fill out and enhance the overall process. The files presented here map both i) the geographic range of current and potential populations composing the Western Europe lynx metapopulation according to the 2024 population viability assessment work performed, as well as ii) the respective areas they are susceptible to expand into if environmental condition were to become more favorable. The delimitation of the current range of each population was based on the proportion of favorable habitat within a 10x10km grid. The threshold retained, of at least 40%, allowed to get delimitation matching the presence range currently observed and were also validated by experts of the species ecology. The area each population could geographically extend into were derived from the former using Voronoi Tessellation.",Lynx lynx,https://www.gbif.org/species/2435240
https://pndb.opendatasoft.com/explore/assets/maps-of-sardine-and-anchovy-length-distributions-in-the-bay-of-biscay-in-spring-and-autumn/,Maps of sardine and anchovy length distributions in the Bay of Biscay in spring and autumn,"Lien vers les données The anchovy (Engraulis encrasicolus) and sardine (Sardina pilchardus) populations in the Bay of Biscay are jointly surveyed each year in May since 2000 and in September since 2003 by means of acoustic surveys. The integrated survey PELGAS (Doray et al., 2018) is run in May by France and covers the French shelf of the Bay of Biscay. Its objectives are to monitor the Bay of Biscay pelagic ecosystem in springtime and assess the biomass of its small pelagic fish species, including sardine and anchovy. Amongst many information on the ecosystem, the survey PELGAS provides knowledge on the adults of anchovy and sardine during their spawning in spring. The survey JUVENA (Boyra et al., 2013) is run in September by Spain. It has a larger spatial coverage than PELGAS, including part of the Spanish coast and open ocean outside the shelf because it targets juvenile anchovy. It also provides knowledge on sardine as well as other pelagic species. Both surveys are coordinated by the ICES Working Group on Acoustic and Egg Surveys for Small Pelagic Fish (WGACEGG), together with other pelagic surveys in ICES areas 7, 8 and 9. Survey protocoles are detailed in Doray et al. (2021). Briefly, fish backscatter data are recorded along the survey transect lines and pelagic trawl hauls are undertaken opportunistically to identify the echotraces to species and collect fish samples for biometric data. The trawl haul catches have provided the anchovy and sardine length data, from which the maps presented here are derived. At each trawl haul, the catch is sorted by species and weighted. A subsample by species is measured to estimate the species’ length distribution. The four maps presented here correspond to the average maps of anchovy and sardine length distributions in May and September, derived from the PELGAS and JUVENA trawl haul data series. The maps were obtained by kriging, following the procedure explained in Petitgas et al. (2011) for mapping functions instead of variables. For each species, the experimental length distribution at each haul was fitted by a linear combination of Legendre polynomials, the coefficients of which were co-kriged. The number of polynomials varied from 15 to 22 depending on the survey and species, with a higher number for sardine and in autumn. The length histogram at each grid node was then deduced from the mapped coefficients. When the length distribution at a given haul was estimated with less than 40 individual fish, the haul was not taken into account for mapping. This threshold defined presence and absence of the species in the haul data sets. The trawl hauls from 2000 to 2019 were pooled for the PELGAS series (1965 stations) and from 2003 to 2020 for JUVENA (852 stations). The mapping was performed on the same grid for both PELGAS and JUVENA and both species, and with similar moving kriging neighbourhoods. The grid has a mesh size of 0.25 x 0.25 decimal degree square. In addition to mapping the length distribution, presence/absence was mapped for each species by ordinary kriging on the same grid and with the same neighbourhoods as previously. The computations were performed in R (version 4.0.5) with the RGeostats package (version 13.0.1) freely available at http://rgeostats.free.fr. The map data files comprise for each species the following information: the geographical coordinates of the grid points, the probability of presence and the probability of each length class of width 0.5 cm ranging from 2.5 to 27 cm.",Engraulis encrasicolus,https://www.gbif.org/species/2414031
https://pndb.opendatasoft.com/explore/assets/marine-mammals-and-seabirds-and-turtles-year-round-presence-only-distribution-of-dermochelys-coriacea/,Marine Mammals and Seabirds and Turtles: Year-round presence-only distribution of Dermochelys coriac...,"Lien vers les données Observations of live Dermochelys coriacea from different datasets collected in France and the United Kingdom were compiled to generate presence-only distributions in the CHARM3 study area. The data span from 1835 - 2011 and come from both dedicated and opportunistic surveys from land, sea, or air.",Dermochelys coriacea,https://www.gbif.org/species/9789983
https://pndb.opendatasoft.com/explore/assets/marine-mammals-and-seabirds-balaenoptera-acutorostrata-casual-sightings-1995-2011/,Marine Mammals and Seabirds - Balaenoptera acutorostrata - Casual sightings (1995 - 2011),"Lien vers les données Casual sightings of Balaenoptera acutorostrata in the Channel Charm III sea zone based on casual sightings information submitted by the public to MARINElife between 1995-2011 at a 10km² resolution (casual sightings data are indicated by the red circles in the thumbnail, the yellow circles are effort sightings from MARINElife surveys, which are available in a separate data set).",Balaenoptera acutorostrata,https://www.gbif.org/species/2440728
https://pndb.opendatasoft.com/explore/assets/marine-mammals-and-seabirds-delphinus-delphis-effort-sightings-1995-2011/,Marine Mammals and Seabirds - Delphinus delphis - Effort sightings (1995 - 2011),"Effort sightings of Delphinus delphis in the Channel Charm III sea zone based on MARINElife surveys between 1995-2011 at a 10km² resolution (effort sightings are indicated by yellow circles in the thumbnail, the red circles are casual sightings data, which are available in a separate data set).",Delphinus delphis,https://www.gbif.org/species/8324617
https://pndb.opendatasoft.com/explore/assets/marine-mammals-and-seabirds-fulmarus-glacialis-relative-abundance-1995-2011/,Marine Mammals and Seabirds - Fulmarus glacialis - Relative abundance (1995 - 2011),Lien vers les données Relative abundance of Fulmarus glacialis in the Channel Charm III sea zone based on MARINElife survey data between 1995-2011 at a 10km² resolution.,Fulmarus glacialis,https://www.gbif.org/species/2481433
https://pndb.opendatasoft.com/explore/assets/marine-mammals-and-seabirds-globicephala-melas-casual-sightings-1995-2011/,Marine Mammals and Seabirds - Globicephala melas - Casual sightings (1995 - 2011),"Casual sightings of Globicephala melas in the Channel Charm III sea zone based on casual sightings information submitted by the public to MARINElife between 1995-2011 at a 10km² resolution (casual sightings data are indicated by the red circles in the thumbnail, the yellow circles are effort sightings from MARINElife surveys, which are available in a separate data set).",Globicephala melas,https://www.gbif.org/species/2440596
https://pndb.opendatasoft.com/explore/assets/marine-mammals-and-seabirds-grampus-griseus-effort-sightings-1995-2011/,Marine Mammals and Seabirds - Grampus griseus - Effort sightings (1995 - 2011),"Lien vers les données Effort sightings of Grampus griseus in the Channel Charm III sea zone based on MARINElife surveys between 1995-2011 at a 10km² resolution (effort sightings are indicated by yellow circles in the thumbnail, the red circles are casual sightings data, which are available in a separate data set).",Grampus griseus,https://www.gbif.org/species/5220027
https://pndb.opendatasoft.com/explore/assets/marine-mammals-and-seabirds-hydrobates-pelagicus-relative-abundance-1995-2011/,Marine Mammals and Seabirds - Hydrobates pelagicus - Relative abundance (1995 - 2011),Lien vers les données Relative abundance of Hydrobates pelagicus in the Channel Charm III sea zone based on MARINElife survey data between 1995-2011 at a 10km² resolution.,Hydrobates pelagicus,https://www.gbif.org/species/4408455
https://pndb.opendatasoft.com/explore/assets/marine-mammals-and-seabirds-lagenorhynchus-albirostris-effort-sightings-1995-2011/,Marine Mammals and Seabirds - Lagenorhynchus albirostris - Effort sightings (1995 - 2011),"Lien vers les données Effort sightings of Lagenorhynchus albirostris in the Channel Charm III sea zone based on MARINElife surveys between 1995-2011 at a 10km² resolution (effort sightings are indicated by yellow circles in the thumbnail, the red circles are casual sightings data, which are available in a separate data set).",Lagenorhynchus albirostris,https://www.gbif.org/species/5220081
https://pndb.opendatasoft.com/explore/assets/marine-mammals-and-seabirds-larus-argentatus-relative-abundance-1995-2011/,Marine Mammals and Seabirds - Larus argentatus - Relative abundance (1995 - 2011),Lien vers les données Relative abundance of Larus argentatus in the Channel Charm III sea zone based on MARINElife survey data between 1995-2011 at a 10km² resolution.,Larus argentatus,https://www.gbif.org/species/2481139
https://pndb.opendatasoft.com/explore/assets/marine-mammals-and-seabirds-larus-fuscus-relative-abundance-1995-2011/,Marine Mammals and Seabirds - Larus fuscus - Relative abundance (1995 - 2011),Lien vers les données Relative abundance of Larus fuscus in the Channel Charm III sea zone based on MARINElife survey data between 1995-2011 at a 10km² resolution.,Larus fuscus,https://www.gbif.org/species/2481174
https://pndb.opendatasoft.com/explore/assets/marine-mammals-and-seabirds-rissa-tridactyla-relative-abundance-1995-2011/,Marine Mammals and Seabirds - Rissa tridactyla - Relative abundance (1995 - 2011),Lien vers les données Relative abundance of Rissa tridactyla in the Channel Charm III sea zone based on MARINElife survey data between 1995-2011 at a 10km² resolution.,Rissa tridactyla,https://www.gbif.org/species/2481205
https://pndb.opendatasoft.com/explore/assets/marine-mammals-and-seabirds-stercorarius-skua-relative-abundance-1995-2011/,Marine Mammals and Seabirds - Stercorarius skua - Relative abundance (1995 - 2011),Lien vers les données Relative abundance of Stercorarius skua in the Channel Charm III sea zone based on MARINElife survey data between 1995-2011 at a 10km² resolution.,Stercorarius skua,https://www.gbif.org/species/2481618
https://pndb.opendatasoft.com/explore/assets/marine-mammals-and-seabirds-uria-aalge-relative-abundance-1995-2011/,Marine Mammals and Seabirds - Uria aalge - Relative abundance (1995 - 2011),Relative abundance of Uria aalge in the Channel Charm III sea zone based on MARINElife survey data between 1995-2011 at a 10km² resolution.,"Uria aalge, Uria aalge","https://www.gbif.org/species/2481342, https://www.gbif.org/species/2481342"
https://pndb.opendatasoft.com/explore/assets/measurement-data-of-modern-and-archaeological-indotestudo-tortoises/,Measurement data of modern and archaeological Indotestudo tortoises,"Lien vers les données These data are measurements collected on modern and archaeological tortoises that have been used in the following publication: Bochaton C., S. Chantasri, M. Maneechote, J. Claude, C. Griggo, W. Naksri, H. Forestier, H. Sophady, P. Auertrakulvit, J. Bowonsachoti and V. Zeitoun., 2023. Zooarchaeological investigation of the prehistoric exploitation of reptiles and amphibians in Thailand and Cambodia with a focus on the Yellow-Headed tortoise (Indotestudo elongata (Blyth, 1854)). PCI Archaeology",Indotestudo elongata,https://www.gbif.org/species/8539576
https://pndb.opendatasoft.com/explore/assets/medisis-hake-fisheries-dynamics-model-for-the-gulf-of-lion/,MEDISIS Hake Fisheries Dynamics Model for the Gulf of Lion,"Lien vers les données Recent reconversion from pelagic to demersal fishing activity and intense fishing effort has led to large scale declines in Mediterranean European hake (Merlucius merluccius) populations. However, to date, a lack of understanding in spatially explicit fisheries dynamics raises uncertainty in how management under the 2020 Northwest Mediterranean management plan will impact hake, and what this will mean for fisheries. Here we introduce a spatialized, fisheries bioeconomic deterministic simulation model, ISIS-Fish, parametrized for the hake fisheries in the Gulf of Lion, European Management Unit (EMU1). We assess the impact spatio-temporal closures, effort reduction, and mixed measure regimes will have on rebuilding stock levels and reducing juvenile catch, while demonstrating potential impacts on gross revenues. The robustness of scenario comparison is assessed through an uncertainty analysis accounting for alternative hypotheses on recruitment, connectivity between population zones, and initial abundance levels. Our findings show not only that effort reduction can be more effective in achieving hake population recovery goals, but also that spatio-temporal closures were disappointing in that they failed to meet management objectives for hake. We further raise obvious equity questions in the application of the WestMed management plan where a trade-off has to be found between countries and fleets. This is also presented in relation to a publication with Fisheries Research to allow for further transparency. Therefore when using this data please also cite its corresponding publication.",Merlucius merluccius,https://www.gbif.org/species/2415643
https://pndb.opendatasoft.com/explore/assets/meterological-and-terrain-data-for-lesser-kestrel-habitat-use-prediction-in-aumelas-wind-farm/,Meterological and terrain data for Lesser Kestrel habitat use prediction in Aumelas Wind farm,"Lien vers les données The data in the associated folder allow the analysis described in the paper: ""Modelling lesser kestrel haitat selection according to meteorological conditions to identify risk-inducing wind turbines"" published in Ornithological Applications. All GPS tracking data are accessible through the Movebank plateform in the study: ""Falco naumanni Aumelas wind farm interactions [ID_PROG 311]"". All scripts are in R and the method to process the data is described in the paper.","Falco naumanni, Falco naumanni","https://www.gbif.org/species/9584698, https://www.gbif.org/species/9584698"
https://pndb.opendatasoft.com/explore/assets/microsatellites-and-mitochondrial-dataset-for-the-vesicomyid-bivalve-christineconcha-regab/,Microsatellites and mitochondrial dataset for the vesicomyid bivalve Christineconcha regab,"Lien vers les données Distribution of five mitochondrial haplotypes among 176 individuals , and multilocus genotypes at the eight microsatellite loci analysed for a total of 177 individuals, obtained for the vesicomyid bivalve Christineconcha regab from chemiosynthetic sites of the West African Equatorial margin.",Christineconcha regab,https://www.gbif.org/species/6526030
https://pndb.opendatasoft.com/explore/assets/microscopy-of-larval-stages-of-the-honeycomb-worm-sabellaria-alveolata-from-five-european-populations-under-different-temperature-treatments/,Microscopy of larval stages of the honeycomb worm Sabellaria alveolata from five European population...,"Lien vers les données Phenotypic plasticity, the ability of a single genotype to produce multiple phenotypes, is important for survival when species are faced with novel conditions. Theory predicts that range-edge populations will have greater phenotypic plasticity than core populations, but empirical examples from the wild are rare. The honeycomb worm, Sabellaria alveolata (L.), constructs the largest biogenic reefs in Europe, which support high biodiversity and numerous ecological functions. In order to assess the presence, causes and consequences of intraspecific variation in developmental plasticity and thermal adaptation in the honeycomb worm, we carried out common-garden experiments using the larvae of individuals sampled from along a latitudinal gradient covering the entire range of the species. We exposed larvae to three temperature treatments and measured phenotypic traits throughout development. We found phenotypic plasticity in larval growth rate but local adaptation in terms of larval period. The northern and southern range-edge populations of S. alveolata showed phenotypic plasticity for growth rate: growth rate increased as temperature treatment increased. In contrast, the core range populations showed no evidence of phenotypic plasticity. We present a rare case of range-edge plasticity at both the northern and southern range limit of species, likely caused by evolution of phenotypic plasticity during range expansion and its maintenance in highly heterogeneous environments. This dataset presents the raw image data collected for larval stages of Sabellaria alveolata from 5 populations across Europe and Northern Africa, exposed to 15, 20 and 25 C. Included are also opercular crown measurements used to estimate de size classes of individuals present in each population. All measurements made with the images collected are presented in an Excel spreadsheet, also available here.",Sabellaria alveolata,https://www.gbif.org/species/5199252
https://pndb.opendatasoft.com/explore/assets/migration-post-reproduction-de-tortue-verte-chelonia-mydas-dans-le-sud-ouest-de-locean-indien-en-fonction-de-la-saison-de-ponte/,Migration post-reproduction de tortue verte Chelonia mydas dans le Sud-Ouest de l'océan Indien en fo...,"Lien vers les données Ces déplacements représentent des migrations de tortues vertes équipées de balises Argos après leur reproduction. Les balises ont été déployées entre 1998 et 2011. On regarde ici la migration des tortues en fonction de la période pendant laquelle une balise Argos a été déployée sur les tortues : durant le pic de ponte ou en dehors, et ce quelque soit le site de départ (lieu où la balise Argos est posée) : Europa, Glorieuses, Juan de Nova, Mayotte, Mohéli, Mozambique et Tromelin. Ici seules les tortues ayant finalisé leur migration (ayant passé plus de 10 jours sur leurs zones d'alimentation) sont représentées. Ces suivis ont eu lieu dans le cadre des projets ""DYMITILE"" Kelonia / Ifremer.","Chelonia mydas, Chelonia mydas","https://www.gbif.org/species/2442225, https://www.gbif.org/species/2442225"
https://pndb.opendatasoft.com/explore/assets/modeled-density-map-of-syringammina-fragillissima-at-a-fine-scale-from-the-rockall-bank-in-north-east-atlantic-between-1981-2010/,Modeled density map of Syringammina fragillissima at a fine scale from the Rockall Bank in North Eas...,"Fine scale density map of the xenophyophores Syringammina fragillissima (ind. m-2) at a 1200m deep station off Rockall Bank (North East Atlantic) by The University of Plymouth for the Deeplinks project. The drivers of the distribution of this species are poorly known despise its Vulnerable Marine Ecosystems (VME) status and more knowledge on its biology is needed to efficiently manage its conservation. A Convolutional Neural Network was used to measure its density in 58,147 images collected by the AUV autosub6000 during the JC136 cruise in May 2016. Several environmental data layers (topographic and oceanographic) at 2.5 x 2.5 m resolution were collected by the AUV during the same cruise and used in the modelling. Random Forest regression was used to predict the density of the target species in the extent of the environmental layer representing around 3 km2.",Syringammina fragillissima,https://www.gbif.org/species/7582064
https://pndb.opendatasoft.com/explore/assets/modeled-distribution-map-of-kophobelemnon-stelliferum-assemblage-in-the-north-east-atlantic-in-2021/,Modeled distribution map of Kophobelemnon stelliferum assemblage in the North East Atlantic in 2021,"Lien vers les données Modelled density of the seapen Kophobelemnon stelliferum in the North East Atlantic. The Random Forest density model trained on data collected by an ROV was constrained by an ensemble of Maxent and Random Forest presence-absence model trained on a larger dataset also collected by an ROV. This species provides structural complexity in an environment where it is lacking and, thus, promotes higher biodiversity where they settle. They are vulnerable to mechanical disturbance of the sediment by fishing gear and a better understanding of their distribution will lead to better management of their population. This work was performed at the University of Plymouth in 2021.",Kophobelemnon stelliferum,https://www.gbif.org/species/2258789
https://pndb.opendatasoft.com/explore/assets/modeled-distribution-map-of-lophelia-reef-and-pheronema-aggregations-in-the-north-east-atlantic-in-2022/,Modeled distribution map of Lophelia Reef and Pheronema aggregations in the North East Atlantic in 2...,"Lien vers les données Species distribution models (Maxent) predicting the distribution of two Vulnerable Marine Ecosystems (VME): the reef-forming Scleractinian coral Desmophyllum pertusum and the aggregations forming Hexactinellid sponge Pheronema carpenteri. Both of these species are VME indicator taxa and form habitat that enhance deep-sea diversity (Ross and Howell, 2013). Maps of the likely distribution of the habitat formed by these two species will enable efficient Marine Spatial planning to facilitate their conservation. This work was performed at the University of Plymouth in 2021. A GIS layer is provided for each species.","Desmophyllum pertusum, Pheronema carpenteri","https://www.gbif.org/species/9783587, https://www.gbif.org/species/2236648"
https://pndb.opendatasoft.com/explore/assets/modeled-distribution-map-of-solenosmilia-variabilis-reef-in-the-north-east-atlantic-in-2021/,Modeled distribution map of Solenosmilia variabilis reef in the North East Atlantic in 2021,"Lien vers les données Species distribution models (GAM, Maxent and Random Forest ensemble) predicting the distribution of Solenosmilia variabilis reef assemblage in the Celtic Sea. This community is considered ecologically coherent according to the cluster analysis conducted by Parry et al. (2015) on image sample. Modelling its distribution complements existing work on their definition and offers a representation of the extent of the areas of the North East Atlantic where they can occur based on the best available knowledge. This work was performed at the University of Plymouth in 2021.",Solenosmilia variabilis,https://www.gbif.org/species/2259062
https://pndb.opendatasoft.com/explore/assets/monitoring-of-common-hamsters-during-hibernation-and-reproduction-year-2021-2022-data-includes-body-temperatures-and-mass-monitoring-genetics-reproductive-outputs/,"Monitoring of common hamsters during hibernation and reproduction, year 2021-2022. Data includes bod...","Lien vers les données Biodiversity decline is particularly pronounced in agricultural areas, where intensive farming practices have severely altered the ecosystems. In Alsace (France), this has led to the decline of the common hamster (Cricetus cricetus), a farmland-inhabiting hibernator. Previous work in laboratory conditions showed that diversifying the hamsters’ diet through crop association is a promising strategy to improve their hibernation and reproductive success. However, little is known about the effect of such crop associations in the wild. In this study, we monitored the hibernation behaviour (in laboratory cages) and reproductive success (in mesocosms) of hamsters exposed to four different crop associations of variable nutritional content, selected for their technical and economic benefits for farmers. Hamster hibernation behaviour depended mainly on the ingested energy and only marginally on the nutritional quality of the diet. Hamsters on lipid-rich diets showed a better body condition before reproduction. All hamsters successfully reproduced in semi-natural conditions. Even in wheat monoculture, they were able to find food supplements (weeds, invertebrates) that enabled them to reproduce. Associations richer in proteins and lipids such as legume-oleaginous crop mixes doubled reproductive outputs and increased pup growth. These results should help to improve hamster conservation measures and promote farmland biodiversity.",Cricetus cricetus,https://www.gbif.org/species/2438704
https://pndb.opendatasoft.com/explore/assets/monitoring-of-two-field-episode-of-tenacibaculosis-infection-of-platax-fish-using-metabarcoding-or-qpcr-targetting-tenacibaculum-maritimum-bacterial-species/,Monitoring of two field episode of tenacibaculosis infection of Platax fish using metabarcoding or q...,Lien vers les données Analysis of bacterial diversity in a context of severe tenacibaculosis affecting Platx fish faming. Two surveys were performed in two private fish farms in French Polynesia : Tahiti island and Tahaa island,Tenacibaculum maritimum,https://www.gbif.org/species/3228542
https://pndb.opendatasoft.com/explore/assets/morphological-performance-and-immunity-measurements-in-lissotriton-helveticus/,"Morphological, performance and immunity measurements in Lissotriton helveticus","Lien vers les données Running and swimming locomotor performances, morphological and immunity measurements in Lissotriton helveticus. This dataframe include all the raw data.","Lissotriton helveticus, Lissotriton helveticus","https://www.gbif.org/species/5218410, https://www.gbif.org/species/5218410"
https://pndb.opendatasoft.com/explore/assets/morphological-traits-measured-for-89-fish-species-sampled-in-the-mediterranean-sea-during-medits-scientific-surveys/,Morphological traits measured for 89 fish species sampled in the Mediterranean Sea during MEDITS sci...,"Lien vers les données The data come from organisms and pictures collected during the MEDITS annual bottom trawl surveys conducted between 2011 and 2013 (Bertrand et al. 2002). MEDITS surveys cover the continental shelf (10 m to 200 m depth) and the upper part of the continental slope (200 m to 800 m) on the Mediterranean. A total of 1511 individuals from 85 fish species were collected from seven Mediterranean areas (South Adriatic Sea, Sardinia, Gulf of Lions, around Cyprus, Mallorca, Tyrrhenian Sea, and North West Ionian Sea). A set of 14 morphological traits related to the habitat and the diet of the species were measured in the field and on pictures using the ImageJ software (version 1.47, http://imagej.nih.gov/ij/) (see Granger et al. 2015 and Brind'Amour et al. submitted for details) (Figure 1). Replicats of measures vary between 1 (e.g. Scorpaena loppei) to 53 (e.g. Serranus hepatus) according to fish species. Twelve of the chosen traits consist in continuous biological characteristics measured on each individual (measured in cm). The two remaining traits are categorical and determined at the species level.",Scorpaena loppei,https://www.gbif.org/species/2334658
https://pndb.opendatasoft.com/explore/assets/neopycnodonte-cochlear-ostreoidea-presence-and-absence-data-reported-from-canyons-along-the-french-mediterranean-coasts-2009-2010/,Neopycnodonte cochlear (Ostreoidea) presence and absence data reported from canyons along the french...,Data were extracted from videos recorded during MEDSEACAN_2009 and CORSEACAN_2010 cruises operated by Comex (Aamp funding). Underwater vehicles were either Achille ROV or Remora submersible. Video analyses were realized by Ifremer and GIS posidonie.,Neopycnodonte cochlear,https://www.gbif.org/species/2286104
https://pndb.opendatasoft.com/explore/assets/new-draft-genome-of-the-protozoan-parasite-bonamia-ostreae/,New draft genome of the protozoan parasite Bonamia ostreae,"Lien vers les données In order to obtain the new draft genome the protozoan parasite Bonamia ostreae the major pathogen of the flat oyster Ostrea edulis, we purified the parasite from its host, we extracted its DNA with different approches and sequenced those DNA with Nanopore long-read sequencing.",Bonamia ostreae,https://www.gbif.org/species/8050384
https://pndb.opendatasoft.com/explore/assets/new-insights-on-the-glacial-interglacial-dynamics-of-the-european-slope-current-based-on-a-36000-year-sediment-record-from-the-southern-bay-of-biscay/,"New insights on the glacial-interglacial dynamics of the European Slope Current based on a 36,000-ye...","In the mid-latitudes of the northeast Atlantic, the study of the upper branch of the AMOC is poorly documented. This study provides a complete record of the glacial, deglacial and Holocene dynamics of the easternmost portion of the upper branch of the AMOC, namely the European Slope Current and its glacial equivalent know as the Glacial Eastern Boundary Current (GEBC). To do so, we use core SU81-44 (~1000 m water depth) from the of southern Bay of Biscay (BoB) upper slope, .The aim of this study is to reconstruct paleoenvironmental and hydrodynamic changes using a multiproxy approach (i.e. benthic foraminiferal assemblage, grain size proxies, oxygen and carbon stable isotopes, and foraminiferal εNd). During the glacial period and the onset of the deglaciation, our results show that the grain size proxies together with the relative densities of the high-energy indicator species Trifarina angulosa and the low oxygen tolerant Globobulimina spp. showed significant fluctuations. These were concomitant with the main climate changes recognized over this period and with the glacial slope paleoflow reconstruction from the northern BoB. This highlights a strong climatic/oceanographic forcing on the sedimentary characteristics of the region and a prominent forcing by changes in near-bottom flow speed. Our data also provide a new constraint on the strength of the slope current in the region during the late deglaciation and Holocene periods. We observe a reinvigoration of the upper branch of the AMOC during the Bølling-Allerød warming, preceding the abrupt resumption of the deeper branch of the AMOC in the western North Atlantic. This seems to confirm the crucial role of the European Slope Current in deep water formation, as it is the case today. Finally, our data show a progressive weakening of the ESC during the Holocene and we hypothesize a link with the long-term dynamics of the subpolar gyre.","Trifarina angulosa, Trifarina angulosa","https://www.gbif.org/species/8048170, https://www.gbif.org/species/8048170"
https://pndb.opendatasoft.com/explore/assets/new-scale-analyses-reveal-centenarian-coelacanths-latimeria-chalumnae-datasets-and-r-scripts/,New scale analyses reveal centenarian coelacanths Latimeria chalumnae - Datasets and R scripts,"Datasets and R scripts used in the publication « New scale analyses reveal centenarian coelacanths Latimeria chalumnae”. Datasets include catch information (identifier, catch year and month), biometric (total length, sex, weight) and ageing (circuli and macro-circuli numbers and corresponding marginal increments) data for the 27 coelacanth specimens used in this study, the extraction of Von Bertalanffy growth parameters (rate coefficient and asymptotic total length) and of life-history traits (age at maturity, maximum longevity, spawning frequency) in marine fish from Fishbase (June 2020). R scripts describe (i) the marginal increment analysis, i.e. the analysis of the periodicity of circuli and macro-circuli formation, on the African coelacanth scales to validate ageing based on circuli, (ii) the body growth patterns of the African coelacanth according to the different ageing hypotheses and the fitting of the Von Bertalanffy, Gompertz and logistic growth models to the corresponding length-at-age data, (iii) the comparison of the African coelacanth’s growth characteristics obtained with other marine fish through auximetric analysis and (iv) the location the African coelacanth along the slow-fast life-history continuum in marine fish.","Latimeria chalumnae, Latimeria chalumnae","https://www.gbif.org/species/2441273, https://www.gbif.org/species/2441273"
https://pndb.opendatasoft.com/explore/assets/number-of-detections-per-day-of-atlantic-bluefin-tuna-thunnus-thynnus/,Number of detections per day of Atlantic bluefin tuna (Thunnus thynnus),"Number of acoustic detections per day of Atlantic bluefin tuna (Thunnus thynnus) in the Channel and beyond. This layer includes detection data for tuna collected on the FISH INTEL acoustic telemetry network during the period 01/06/2021 - 01/03/2023, and on other acoustic telemetry networks accessible through the ETN (European Tracking Network). FISH INTEL data were provided by Ifremer, University of Plymouth, France Énergies Marines, University of Exeter and Flanders Marine Institute.",Thunnus thynnus,https://www.gbif.org/species/2373980
https://pndb.opendatasoft.com/explore/assets/number-of-detections-per-day-of-crawfish-palinurus-elephas/,Number of detections per day of crawfish (Palinurus elephas),"Lien vers les données Number of acoustic detections per day of crawfish (Palinurus elephas) in the Channel and beyond. This layer includes detection data for crawfish collected on the FISH INTEL acoustic telemetry network during the period 01/06/2021 - 01/03/2023, and on other acoustic telemetry networks accessible through the ETN (European Tracking Network). FISH INTEL data were provided by Ifremer, University of Plymouth, France Énergies Marines, University of Exeter and Flanders Marine Institute.",Palinurus elephas,https://www.gbif.org/species/2221606
https://pndb.opendatasoft.com/explore/assets/number-of-detections-per-day-of-european-seabass-dicentrachus-labrax/,Number of detections per day of European seabass (Dicentrachus labrax),"Lien vers les données Number of acoustic detections per day of European seabass (Dicentrachus labrax) in the Channel and beyond. This layer includes detection data for seabass collected on the FISH INTEL acoustic telemetry network during the period 01/06/2021 - 01/03/2023, and on other acoustic telemetry networks accessible through the ETN (European Tracking Network). FISH INTEL data were provided by Ifremer, University of Plymouth, France Énergies Marines, University of Exeter and Flanders Marine Institute.",Dicentrachus labrax,https://www.gbif.org/species/2394622
https://pndb.opendatasoft.com/explore/assets/observations-des-grands-dauphins-tursiops-aduncus-dans-louest-de-la-reunion-dans-le-cadre-du-programme-quietude/,Observations des Grands dauphins (Tursiops aduncus) dans l'Ouest de La Réunion dans le cadre du prog...,"Lien vers les données Entre 2017 et 2022, l’association Centre d’Etude et de Découverte des Tortues Marines (CEDTM) est en charge de mettre en œuvre une mesure de compensation de la Nouvelle Route du Littoral MCM05 intitulée ""Amélioration des conditions de quiétude des mammifères marins et des tortues marines pour la durée du chantier"" et financée par la Région Réunion. Dans le cadre de ce programme, des sorties régulières en bateau sont réalisées pour non seulement répertorier les observations des mammifères marins et tortues marines mais également pour sensibiliser les usagers de la mer. Ici deux couches par année d'observation sont disponibles, une couche point permettant de répertorier toutes les observations du Grand dauphin de l'Indo-Pacifique (Tursiops aduncus) ; une couche polygone, correspondant à un maillage de 1 km de côté et permettant de visualiser les observations du Grand dauphin de l'Indo-Pacifique en fonction de l'effort d'échantillonnage.",Tursiops aduncus,https://www.gbif.org/species/2440455
https://pndb.opendatasoft.com/explore/assets/observations-des-tortues-marines-chelonia-mydas-et-eretmochelys-imbricata-dans-louest-de-la-reunion-dans-le-cadre-du-programme-quietude/,Observations des tortues marines (Chelonia mydas et Eretmochelys imbricata) dans l'Ouest de La Réuni...,"Lien vers les données Entre 2017 et 2022, l’association Centre d’Etude et de Découverte des Tortues Marines (CEDTM) est en charge de mettre en œuvre une mesure de compensation de la Nouvelle Route du Littoral MCM05 intitulée ""Amélioration des conditions de quiétude des Mammifères Marins et des tortues marines pour la durée du chantier"" et financée par la Région Réunion. Dans le cadre de ce programme, des sorties régulières en bateau sont réalisées pour non seulement répertorier les observations des mammiffères marins et tortues marines mais également pour sensibiliser les usagers de la mer. Ici deux couches sont disponibles, une couche point permettant de répertorier toutes les observations de tortues marines et une couche polygone, correspondant à un maillage de 1 km de côté et permettant de visualiser les tortues marines en fonction de l'effort d'échantillonnage.",Eretmochelys imbricata,https://www.gbif.org/species/8841716
https://pndb.opendatasoft.com/explore/assets/observations-for-synaphobranchus-kaupii-from-bait-experiments-carried-out-in-the-bay-of-biscay-in-2002-using-rov-victor-6000/,Observations for Synaphobranchus kaupii from bait experiments carried out in the Bay of Biscay in 20...,"Lien vers les données The data come from bait experiments that were carried out at three study sites (Meriadzek Terrace, terrace located between the canyon of Belle Île and the canyon of St Nazaire referred to as St Nazaire Terrace, and Belle Île Canyon) on the continental slope of the Bay of Biscay during the VITAL cruise in late August and early September 2002 using the ROV Victor 6000. A full description of the experiments and results can be found in Trenkel and Lorance (2011). The depth range 1100 – 1500 m was investigated in all sites by perpendicular strip transects starting from the deepest point and moving up slope (see full description in Trenkel et al 2004). Bait experiments were carried out at all three sites at regular intervals (every 12 hours) along the transects. Two types of bait were used, a standardised aquaculture paste and cod fillets (only on St Nazaire Terrace). The paste was made of fish farming food pellets mixed with sea water (480 g per liter). Sardine oil was added (3 cm3 per liter) to increase the smell of the bait. The bait was filled into identical bottles (~4 cm diameter opening, 15.5 cm high). At the beginning of the experiment the ROV opened the bottle, put it onto the ground and retreated a few meters perpendicular to the current to observe fish arrival. After it was judged that no more individuals were going to arrive, the ROV shook the bottle to create a new plume and continued observations. In one experiment the bottle was shaken a second time. Video tapes were analysed in the laboratory after the cruise for Kaup's arrowtooth eel (Synaphobranchus kaupii). For each individual arriving, the time and direction of arrival, the initial behaviour and the reaction to the bait were noted. Initial behaviour was categorised by the position in the water column: near the bottom (&lt;1 body length) or higher up in the water column (&gt;1 body length) and the locomotion type: drifting or moving with current (“with current”), swimming against current or swimming perpendicular to the current. Reaction to the bait was categorised as not interested, attracted, touching bait bottle or eating bait. When possible the speed of the first individual arriving swimming against the current was estimated. Using the size of the bait bottle as a yard stick the time taken for swimming a certain distance (1 cm on the video screen) was recorded on two occasions and used to calculate the average arrival speed. At the deepest point sampled at each site (1460-1550m), an autonomous lander equipped with a current meter was deployed for three days. Data from these sensors were recorded every minute to every two minutes. A temperature probe was carried by the ROV.",Synaphobranchus kaupii,https://www.gbif.org/species/2402847
https://pndb.opendatasoft.com/explore/assets/observations-of-activity-catches-discards-and-causes-of-discards-on-board-commercial-fishing-vessels/,"Observations of activity, catches, discards and causes of discards on board commercial fishing vesse...","Lien vers les données Data were collected from the regional program LOUPE (Observation of the habitat and associated communities in the context of the fisheries of the Capbreton Canyon). It consisted in the observations of two métiers practiced around the canyon. The observations were carried out between July 2011 and April 2013 on coastal boats. Observations and interviews were made on board commercial vessels. The longlines used in the hake fishery are semi-pelagic and are deployed on the edge of the Capbreton Canyon. It is an emblematic and major métier benefiting from a particular regulation as they take advantage of a prohibition of net and trawl fishing on their fishing grounds. Between 8 and 14 costal boats practice this métier during the year and the fleet characteristics are homogeneous. Boats lay between 1,200 and 1,800 hooks per day, baited with frozen pilchard (Sardina pilchardus). Two or three men are on board these vessels. Fishing is mostly practiced in spring and summer but a small number of vessels work all year. Generally, trips last between ten and twelve hours; longline is set before sunrise and retrieved three or four hours later. Hake is the main targeted species; other targets are pollack (Pollachius pollachius), red sea bream (Pagellus bogaraveo) and conger (Conger conger). Netting is a major métier in terms of vessels involved and the number of trips. Crew composition varies and depends on boat length (from one to four men on average). This métier is practiced by 30 to 35 boats all year round, but fleet characteristics are less homogeneous than in the case of longliners . The strategy of these netters operating in the coastal area is based on the use of several types of nets (gillnets and trammel nets) targeting several species, often sold directly to consumers on the docks. Gillnets, consisting of a single mesh, target hake, sea bass and sea bream species (Diplodus spp, Sparus aurata, Litognathus mormyrus), while the trammel nets (three meshes) are used to capture benthic fish, such as common sole, monkfish (Lophius spp), turbot and brill (Scophthalmus rhombus). Generally, trips last less than twelve hours for coastal netters (less than 15 m), which predominate in the sector, and a few days for large netters. On average, the coastal vessels set 6000 to 8000 m. nets daily.",Litognathus mormyrus,https://www.gbif.org/species/2392647
https://pndb.opendatasoft.com/explore/assets/observatoire-sur-lexpansion-de-caulerpa-taxifolia-et-caulerpa-racemosa-en-mediterranee-campagne-janvier-2008-juin-2010/,Observatoire sur l’expansion de Caulerpa taxifolia et Caulerpa racemosa en Méditerranée : campagne j...,Lien vers les données Observatoire sur l’expansion de Caulerpa taxifolia et Caulerpa racemosa en Méditerranée : campagne janvier 2008- juin 2010,"Caulerpa racemosa, Caulerpa taxifolia","https://www.gbif.org/species/2643093, https://www.gbif.org/species/2643172"
https://pndb.opendatasoft.com/explore/assets/occurences-of-the-boeckella-genus-copepoda-calanoida-in-new-caledonia/,"Occurences of the Boeckella genus (Copepoda, Calanoida) in New Caledonia","Lien vers les données This dataset contains the occurences of the copepod genus Boeckella in New Caledonia gathered during an expedition in 2018 of the program ""La Planète Revisitée"". It is the second time this genus is recorded in New Caledonia and a new species has been found Boeckella sibleti sp. nov. This dataset is used in the article by Royaux et al., 2023. It is a subset of Coline Royaux's PhD thesis dataset which will be updated throught the research and validation process. Partial COI (Cytochrome Oxidase I) gene of 74 individuals of Boeckella spinogibba and 10 individuals of Boeckella sibleti has been sequenced with Sanger method. Original AB1 data files for these sequenced are shared along with tabular data files on individuals (containing e.g. sample ID, species and sex identified, NCBI GenBank accession for cleaned sequences and used primers for amplifications), occurences (containing e.g. sample ID, species identified, French Natural History Museum (MNHN) collection ID), samples (containing e.g. sample type, location ID, sampling date, sampler name), locations (containing e.g. other names of the location, coordinates in decimal degrees WGS84) and DNA extractions (containing e.g. extraction date, laboratory operator) and fasta files with all found haplotypes sequences and primer used. DNA extraction (https://dx.doi.org/10.17504/protocols.io.j8nlk4x7wg5r/v1) and PCR (dx.doi.org/10.17504/protocols.io.261ge4y4jv47/v2) protocols are available on protocols.io. Sequence cleaning workflow is available on Galaxy at https://usegalaxy.fr/u/coline_royaux/w/sanger1--from-ab1-to-aligned-fasta-imported-from-uploaded-file and history retracing data cleaning steps at https://usegalaxy.fr/u/coline_royaux/h/automatic-boeckella-nc-data-cleaning-1.","Boeckella spinogibba, Boeckella spinogibba","https://www.gbif.org/species/8191202, https://www.gbif.org/species/8191202"
https://pndb.opendatasoft.com/explore/assets/oxygen-and-carbon-stable-isotopes-globigerina-bulloides-and-age-models-of-sediment-cores-rhs-ks65-and-rhs-ks67/,Oxygen and Carbon stable isotopes (Globigerina bulloides) and age models of sediment cores RHS-KS65 ...,Lien vers les données Oxygen and Carbon isotope data (Globigerina bulloides) and age models of sediment cores RHS-KS65 and RHS-KS67.,Globigerina bulloides,https://www.gbif.org/species/8262490
https://pndb.opendatasoft.com/explore/assets/passage-et-nidification-du-petrel-noir-pseudobulweria-aterrima-a-la-reunion/,Passage et nidification du Pétrel Noir (Pseudobulweria aterrima) à La Réunion,Lien vers les données Données représentant les zones de passage principal et de nidification du Pétrel Noir (Pseudobulweria aterrima) à La Réunion. Répartition spatiale et temporelle ne prenant pas en compte la distribution en mer de l'espèce.,"Pseudobulweria aterrima, Pseudobulweria aterrima","https://www.gbif.org/species/2481505, https://www.gbif.org/species/2481505"
https://pndb.opendatasoft.com/explore/assets/pinctada-margaritifera-genome-assembly-raw-reads/,"Pinctada margaritifera genome assembly, raw reads","Lien vers les données Les données de séquences brutes qui ont été utilisées pour assembler le génome de l'huître perlière, Pinctada margaritfera","Pinctada margaritfera, Pinctada margaritifera","https://www.gbif.org/species/2285337, https://www.gbif.org/species/2285337"
https://pndb.opendatasoft.com/explore/assets/population-structure-and-reproductive-biology-of-lepetodrilus-schrolli-l-fijiensis-and-shinkailepas-tollmanni/,"Population structure and reproductive biology of Lepetodrilus schrolli, L. fijiensis and Shinkailepa...","Lien vers les données Size structure of populations (shell length in mm) and oocyte size (in µm) distribution of three hydrothermal vent gastropod species (Lepetodrilus schrolli, L. fijiensis and Shinkailepas tollmanni) of the South West Pacific back-arc basins. Individuals were collected in Bathymodiolus spp. and Ifremeria nautilei habitats at several vent sites in the Manus, North Fiji, Futuna and Lau back-arc basins during the CHUBACARC cruise in 2019. These data were collected through stereoscopic microscope observations and hostological analyses on several individuals of each species.","Ifremeria nautilei, Lepetodrilus schrolli, Shinkailepas tollmanni","https://www.gbif.org/species/5858095, https://www.gbif.org/species/5859968, https://www.gbif.org/species/10619009"
https://pndb.opendatasoft.com/explore/assets/porites-asteroides-symbiontes/,Porites asteroides - Symbiontes,Lien vers les données Évaluation des communautés de symbiotes avec le marqueur ITS des populations coralliennes de Porites asteroides,Porites asteroides,https://www.gbif.org/species/5184785
https://pndb.opendatasoft.com/explore/assets/releves-amphipodes-epiges-bretagne-2003-/,"Relevés amphipodes épigés (Bretagne, 2003-...)","Lien vers les données Objectif : Etude de la distribution des amphipodes épigés dans les eaux douces de Bretagne depuis 2003. Protocole : Échantillonnage des amphipodes par kicksampling dans l'ensemble des habitats. Article de référence : Piscart, C., Manach, A., Copp, G.H., Marmonier, P. (2007). Distribution and microhabitats of native and non-native gammarids (Amphipoda, Crustacea) in Brittany, with particular reference to the endangered endemic sub-species Gammarus duebeni celticus. Journal of Biogeography 34: 524-533. DOI 10.1111.j.1365-2699.2006.0169.x",Gammarus duebeni,https://www.gbif.org/species/2219855
https://pndb.opendatasoft.com/explore/assets/releves-de-micromammiferes-pleine-fougeres-2012-2014-zone-atelier-armorique-zaar/,"Relevés de micromammifères (Pleine-Fougères, 2012-2014) - Zone Atelier Armorique ZAAr","Lien vers les données Objectif : Estimer l’abondance relative de micromammifères et leur portage pour certains agents pathogènes transmis par les tiques dans la Zone Atelier Armorique dans le cadre du programme de recherche OSCAR (Outil de Simulation Cartographique à l’échelle du paysage Agricole du Risque acarologique – 2012-2015). Nature de la donnée : Série de cinq échantillonnages : -Mai-Juin 2012 -Octobre 2012 -Mai-Juin 2013 -Septembre-Octobre 2013 -Mai 2014 Protocole : Pose de 34 pièges INRA sur vingt-quatre lignes de 100 mètres placées dans différents types de paysage (forêt, lisière de forêt, bocage ouvert et dense le long de lisières de bois ou de haies) puis relevés à 24 et 48 heures. Les animaux piégés ont subi une prise de sang puis ont été sacrifiés pour réaliser par la suite des analyses moléculaires sur différent organes (détection de Borrelia burgdoreferi sl., Anaplasma phagocytophylum et Babesia microti). Référence protocole : Michel, N., F. Burel, and A. Butet. 2006. How does landscape use influence small mammal diversity, abundance and biomass in hedgerow networks of farming landscapes? Acta Oecologica 30:11–20. 10.1016/j.actao.2005.12.006 Pas d'article de référence. OSUR - UMR Ecobio 6553 université de Rennes 1-CNRS — UMR BioEpAR1300 Oniris-INRA","Anaplasma phagocytophylum, Borrelia burgdoreferi","https://www.gbif.org/species/8315208, https://www.gbif.org/species/3228185"
https://pndb.opendatasoft.com/explore/assets/releves-de-petits-mammiferes-sur-les-digues-plantees-baie-du-mont-saint-michel-1994-1996-zone-atelier-armorique-zaar/,"Relevés de petits mammifères sur les digues plantées (Baie du Mont Saint Michel, 1994-1996) - Zone A...","Lien vers les données Suivi temporel de la diversité et de l’abondance des communautés de petits mammifères sur les digues plantées de la zone des polders cultivés de la baie du mont st Michel. 7 sessions de piégeage : 1ère session sur 19 stations , 6 sessions suivantes sur 27 stations (9 stations sur digues herbeuses et 18 sur digues plantées). Méthode : line transect : 34 pièges INRA appâtés espacés tous les 3 mètres sur un transect de 100 mètres. Relevés à 24 et 48 heures Articles de référence : -Paillat, G., Rognant, F., Deunff, J. and Butet, A. 2000. Habitat isolation and genetic divergence of bank vole populations. Z. Säugetierkunde, 65 : 55-58. -Ouin, A., Paillat, G., Butet, A. and Burel, F. 2000. Spatial dynamics of wood mouse (Apodemus sylvaticus) in an agricultural landscape under intensive use in the Mont Saint michel bay (France). Agriculture, Ecosystems and Environment, 78 : 159-165. -Butet, A., Paillat, G. &amp; Delettre Y. 2006. Seasonal changes in small mammal assemblages from field boundaries in an agricultural landscape of western France. Agriculture, Ecosystems and Environment, 113 : 364-369. -Butet, A., Paillat, G. &amp; Delettre, Y. 2006. Factors driving small rodent assemblages from field boundaries in agricultural landscapes of western France. Landscape Ecology, 21 : 449-461. Programme : aucun programme particulier",Apodemus sylvaticus,https://www.gbif.org/species/2437760
https://pndb.opendatasoft.com/explore/assets/secteurs-detude-des-ecrevisses-signal-observatoire-selune/,Secteurs d'étude des écrevisses signal - Observatoire Sélune,"Lien vers les données L’écrevisse invasive Pacifastacus leniusculus, également appelée écrevisse de Californie ou Signal est présente sur le bassin de la Sélune depuis plusieurs années mais cantonnée à l’amont par les retenues d’eau des barrages. Son habitat potentiel va être considérablement étendu du fait de la renaturation de la vallée de la Sélune. L’objectif de ce suivi est de décrire si, et à quelle vitesse les Pacifastacus colonisent l’aval de la Sélune au fur et à mesure de son retour à un état lotique (""rivière courante""), et si de là elles colonisent les affluents auparavant inaccessibles car débouchant directement dans les retenues d’eau. Le suivi est réalisé à travers deux campagnes annuelles de suivi, au printemps et à l’automne. La présence de Pacifastacus est recherchée par piégeage via l’Indice d’Abondance Ecrevisse IAE. L’IAE est réalisé sur les stations les plus sensibles du front de colonisation et consiste à poser 15 nasses non appâtées durant 24 heures, installées tous les 10 mètres au minimum. Cette couche donne les localisations de ces stations par session session (campagne).",Pacifastacus leniusculus,https://www.gbif.org/species/2226990
https://pndb.opendatasoft.com/explore/assets/suivi-de-lichtyofaune-du-parc-naturel-marin-du-golfe-du-lion-pnmgl-suivi-merou-corb-sar-tambour/,"Suivi de l'ichtyofaune du Parc naturel marin du Golfe du Lion (PNMGL) : suivi mérou, corb, sar tambo...","Lien vers les données Le corb Sciaena umbra et les mérous Epinephelus marginatus principalement sont considérés en Méditerranée comme des espèces d’importance écologique et patrimoniale. Ce sont également des espèces à statut international. En décembre 2013, les autorités compétentes en Méditerranée (préfet de la région Provence-Alpes-Côte d’Azur et préfet de la Corse) ont défini des mesures réglementaires dans le but de renforce la protection du corb et de plusieurs espèces de mérous dans les eaux de Méditerranée française. Ces mesures sont entrées en vigueur, respectivement pour 5 et 10 ans [arrêtés du 23 décembre 2013, PACA et Languedoc-Roussillon : n°2013357-0004 (mérous) et n°2013357-0007 (corb)]. Le programme scientifique, appelé « programme de surveillance » du Plan d’action pour le milieu marin (PAMM) de la sous-région marine Méditerranée occidentale (SRMO) est défini pour six années. Il repose sur le suivi d’une série d’indicateurs du bon état écologique des eaux marines, dont certains directement liés au maintien de populations d’espèces patrimoniales. A ce titre, il est apparu que le suivi du corb et des mérous pourrait être intégré au programme de surveillance du PAMM, afin de participer à la caractérisation du milieu méditerranéen en application de la directive européenne établissant une stratégie pour le milieu marin (DCSMM). Les résultats attendus du programme de suivi « mérous et corbs » sont les suivants :  Rassembler de nombreuses données concernant l’état des populations de corbs et de mérous en Méditerranée.  Rendre possible l’agrégation de ces données et leur interprétation, par l’emploi de méthodes d’observation et de bancarisation comparables.  Mobiliser les acteurs intéressés (professionnels, structures associatives, partenaires institutionnels et scientifiques). Un réseau de zones d’étude a été défini à l’échelle de la façade méditerranéenne, comprenant :  Quatre zones témoins en-dehors des zones de réglementation spéciale de pêche (Parc naturel marin du golfe du Lion, Parc marin de la côte bleue, sites Natura 2000 Corniche varoise et Campomoro-Senetosa).  Des aires marines protégées (AMP) avec maintien des suivis déjà existants. Le suivi des mérous et des corbs était prévu pour 4 ans, de 2015 à 2018 et a été reconduit en 2022. L'Université Côte d’Azur (précédemment Nice Sophia-Antipolis) est désignée comme référent scientifique du programme. Elle gère la structuration, la récupération et le traitement des données et est également en charge de la rédaction des différents rapports à l’échelle de la façade (rapports annuels, rapports finaux en 2018 et 2023).","Epinephelus marginatus, Sciaena umbra","https://www.gbif.org/species/2388507, https://www.gbif.org/species/2399670"
https://pndb.opendatasoft.com/explore/assets/suivi-de-population-du-fadet-des-laiches-coenonympha-oedippus/,Suivi de population du Fadet des Laîches (Coenonympha oedippus),"Lien vers les données Base de données spatiale récoltant les résultats d'inventaires de terrain de suivi des populations de Fadet des Laîches (Coenonympha oedippus) sur le marais de Montfort (commune de Crolles - Isère). Une géodatabase ESRI centralise les données, un service de carte permet la mise à jour en ligne ou par application mobile.",Coenonympha oedippus,https://www.gbif.org/species/1911093
https://pndb.opendatasoft.com/explore/assets/suivi-dispersion-graines-adventices-le-rheu-2021/,"Suivi dispersion graines adventices, Le Rheu, 2021","Lien vers les données Suivi expérimental de la dispersion de graines adventice, Le Rheu, 2021 En amont du suivi de dispersion des graines, des plantes en pot sont cultivées en serre. Les graines sont marquées à l’aide de peinture fluorescente.Une semaine avant installation des pots sur le terrain, les plantes sont acclimatées aux conditions extérieures en réduisant progressivement l’arrosage. Après récolte du blé dans la parcelle sélectionnée, les pots sont enterrés sur le terrain, dans un champ « donneur » (A) séparé d’un champ « receveur » (B) par une haie, sur le domaine expérimental du Rheu. La mesure de la dispersion des graines depuis les plantes mères se fait au cours des mois de septembre et octobre. Les relevés se font la nuit (entre 23h et 2h), à l’aide d’une lampe UV, sur une zone de 120m par 78m. Les espèces adventices (Avena fatua, Lolium multiflorum, Sonchus Asper et Fallopia convolvulus) sont positionnées dans le champ donneur, à 50m et à 0.5m de l’interface champ – haie. Les espèces associées aux haies (Galium aparine et Anisantha sterilis) sont positionnées dans la haie, du côté du champ « receveur » (les vents dominants soufflent du sud-ouest vers le nord-est). Après installation des plantes en pot sur le terrain, trois relevés (23 septembre, 30 septembre et 7 octobre 2021) sont réalisés à intervalle régulier de sept jours. Lors des deux premiers relevés, les graines observées au sol sont laissées sur le terrain afin de permettre la dispersion secondaire. Lors du troisième relevé, toutes les graines sont ramassées afin d’éviter leur germination dans les champs. Un relevé consiste en une déambulation le long d’un sentier balisé à l’aide de jalons, qui permet de noter la position de chaque graine trouvée sur une fiche terrain. Un code couleur permet de différencier les espèces et leur provenance (i.e. cœur de champ, bord de champ, haie). Document de référence: Boinot Sébastien (2023) Rapport final du projet DIVERSIT'HAIES Associer haies et agriculture biologique à différentes échelles, un levier pour conserver la diversité végétale des paysages agroforestiers et gérer la flore adventice ? 27p.","Anisantha sterilis, Avena fatua, Fallopia convolvulus, Galium aparine, Lolium multiflorum","https://www.gbif.org/species/2703648, https://www.gbif.org/species/2705297, https://www.gbif.org/species/6391461, https://www.gbif.org/species/2913548, https://www.gbif.org/species/4129708"
https://pndb.opendatasoft.com/explore/assets/suivi-du-luronium-natans-marais-de-sougeal-2006-zone-atelier-armorique-zaar/,"Suivi du Luronium natans (Marais de Sougéal, 2006 - ...) - Zone Atelier Armorique ZAAr",Lien vers les données Objectif : Cette opération consiste à suivre les effectifs de cette espèce au cours du temps et de lier la dynamique observée avec les actions menées. Programme de recherche : Convention d'étude avec la communauté des communes de la baie du Mont St-Michel Coordinatrice : Cendrine Mony,Luronium natans,https://www.gbif.org/species/2864775
https://pndb.opendatasoft.com/explore/assets/suivi-lievre-gps-domagne-2022-zone-atelier-armorique-zaar/,Suivi Lievre GPS Domagné 2022 - Zone Atelier Armorique ZAAr,"Lien vers les données Localisation GPS des hases suivies (n=10) sur la zone de Domagné pour l'identification et la caractérisation des zones de mise-bas des lièvres (Lepus europaeus) au printemps 2022. Ces données sont acquises dans le cadre d'un test de faisabilité pour une étude sur l'impact du paysage sur les relations prédateurs-proies. Les localisations GPS incluent à la fois des points de gite en journée (09:00 GMT, 17:00 GMT), des points d'activité de nuit (18:00 GMT, 20:00 GMT, 22:00 GMT, 01:00 GMT) et des localisations toutes les 2 minutes au moment de l'allaitement (environ 1h après le coucher du soleil).","Lepus europaeus, Lepus europaeus","https://www.gbif.org/species/7952072, https://www.gbif.org/species/7952072"
https://pndb.opendatasoft.com/explore/assets/suivi-pluri-annuel-de-la-croissance-de-chataigniers-a-double-fin-production-de-bois-et-de-fruits-sur-un-dispositif-experimental-a-saint-caprais-46-test-qualinous/,Suivi pluri annuel de la croissance de châtaigniers à double fin (production de bois et de fruits) s...,"Lien vers les données Le jeu de données présenté a été produit dans le cadre d’une étude portant sur les possibilités de la gestion de vergers ""fruits et bois"",ici dans le cas des châtaigniers. L'objectif principal de cette étude est de déterminer,pour deux clones d'arbres hybrides Castanea sativa x Castanea crenata,les méthodes techniques pour obtenir (du même arbre) des noix à court terme et du bois de qualité à long terme,selon les modes de tailles. Les modes de tailles ont été testées sur des arbres âgés de trois à huit ans dans un essai situé dans le sud-ouest de la France. Le jeu de données présenté ici concerne les données de croissance en diamètre et en hauteur à différents niveaux dans l’arbre.","Castanea crenata, Castanea sativa","https://www.gbif.org/species/5333249, https://www.gbif.org/species/5333294"
https://pndb.opendatasoft.com/explore/assets/the-macaca-nigra-project-a-long-term-project-on-the-biology-ecology-and-conservation-of-crested-macaques-in-tangkoko-north-sulawesi-indonesia/,"The Macaca Nigra Project: a long-term project on the biology, ecology and conservation of crested ma...","Lien vers les données The Macaca Nigra Project is a long-term project on the biology, ecology and conservation of the crested macaques, Macaca nigra. Funded in 2006 in the Nature Reserve of Tangkoko, North Sulawesi, Indonesia, it takes a triple approach, research, conservation and education. Crested macaques are Critically Endangered with a steep decline in population since the publication of the first survey (-80% since 1970). Like all macaques, they live in large social multi-male multi-female multi-generational groups where females are philopatric and males migrate at adulthood. Crested macaques also present outstanding reproductive and social characteristics: within a group, they are socially very tolerant yet have frequent sometimes very aggressive intergroup encounters; males sport long sharp canines, utter dominance-linked loud calls, and display bright red scrotum, indicative of high sexual competition; females are very affiliative with each other, present dense diverse grooming networks and reproduce year-round, on average one single infant every 1.5y. The environment shows near constant minimum and maximum temperature across the year but periods with heavy rainfall. Food is highly seasonal but abundant all-year round. The only predators of consequence are reticulated pythons and humans. We conduct research on reproduction, sociality, communication, cognition, feeding ecology, health, genetics, human-wildlife interactions, or environmental education. We follow 2 to 3 social groups at any one time. Field assistants collect data every day from dawn to dusk on the monkeys’ activities as well as on specific behaviours. They also collect data on climate (temperature, rainfall) and home range (GPS tracks), and they collect fecal samples for genetics, hormonal and microbiome analyses. So far (nov2024), the database contains: behavioural data (activity, agonistic interactions), GPS tracks, and demographical data (sex, date of birth, date of disappearance/death, date of migration). The project is a partnership between academic institutions and local organisations, mainly IPB University (Department of Biology, Primate Center and School of Veterinary Medicine and Biosciences), Bogor, Indonesia, UNSRAT University (Faculty of Forestry), Manado, Indonesia, the University of Portsmouth (Faculty of Psychology), Portsmouth, England, the University of Leipzig (Department of Biology), Leipzig, Germany, the National Center for Scientific Research (CNRS), the National Museum for Natural History (MNHN) (Eco-Anthropology Unit), Paris, France, the Office for the Management of Natural Resources (BKSDA), Manado, Indonesia, and the National Research Agency (BRIN), Jakarta, Indonesia.",Macaca nigra,https://www.gbif.org/species/2436616
https://pndb.opendatasoft.com/explore/assets/too-far-from-relatives-impact-of-the-genetic-distance-on-the-success-of-exon-capture-in-phylogenomics/,Too far from relatives? Impact of the genetic distance on the success of exon capture in phylogenomi...,"Baits and exons sequences published in the study ""Too far from relatives? Impact of the genetic distance on the success of exon capture in phylogenomics."" (Molecular Ecology Resources). This dataset is composed by two files with sequences of baits for first and second batches. Another file with the sequences of targeted exons of the reference Lautoconus ventricosus. We share the 1,121 alignments prior concatenation that we produced.",Lautoconus ventricosus,https://www.gbif.org/species/6510589
https://pndb.opendatasoft.com/explore/assets/tree-ring-dendroarchaeological-data-from-the-french-pyrenees-bendys-project-anr-19-ce03-0010/,Tree ring dendroarchaeological data from the French Pyrenees (BENDYS project ANR-19-CE03-0010),"Lien vers les données We carried out an archaeological census in the northern slopes of the Pyrenees which led to the acquisition of 393 tree-ring series from fir (Abies alba Mill.), deciduous oak (deciduous Quercus), beech (Fagus sylvatica L.), pine (Pinus sp.) and poplar (Populus). We successfully cross-dated 124 series from fir trees, while the other 269 series remained undated. The tree-ring series were extracted from building timbers used in barns located in the immediate vicinity of current old-growth beech-fir forests. The wooden pieces also comes from houses and churches close to the forests, where the timbers are also preserved in the frameworks, ceilings and joineries. The samples were taken by coring and sectioning. The resulting chronology covers the period 1446-1952 AD, but includes a hiatus over the period from 1655 to 1679. The ring series measurements were performed with a LINTAB measurement table combined with TSAP-Win program for recording measured values. The series were cross-dated with the DendronIV program. Our study provides the first dated tree ring series for fir in the French Pyrenees. This research was funded by the ANR-BENDYS project ANR-19-CE03-0010 led by Vanessa Py-Saragaglia and the GEODE CNRS UMR 5602 laboratory. We would like to thank Sylvie Ladet (INRAE Dynafor UMR 1201, Auzeville-Tolosane, France) and Emilie Lerigoleur for their contribution. The data provide a valuable reference chronology, useful to dendrochronologists and archaeologists for dating other tree-ring chronologies from living wood, timbers, buildings or archaeological sites. Paleoenvironmentalists, dendrochronologists, forest ecologists will be able to benefit from this data to reconstruct fir tree sensitivity to climate, and forest resilience and disturbances over the last 500 years. Rural building tree ring series can be used to study wood uses and economy in the mountains in modern times (16th -19th c.). The .fh files can be opened in most of all dendrochronology programs and can be used in R in the dplR package.",Abies alba,https://www.gbif.org/species/2685484
https://pndb.opendatasoft.com/explore/assets/variabilite-des-traits-et-de-lenvironnement-stationnel-et-edaphique-chez-la-plante-subantarctique-lyallia-kerguelensis-iles-kerguelen-2015-2019-ipev-plantevol/,Variabilité des traits et de l'environnement stationnel et édaphique chez la plante subantarctique L...,"Trait and environmental (geomorphological, topographical, edaphic) variability in the sub-Antarctic plant Lyallia kerguelensis (Iles Kerguelen 2015-2019, IPEV PlantEvol) Les données présentées dans les deux tableaux ont été acquises au cours d'une étude de quatre ans (2015-2019) à travers le programme IPEV n°1116 ""PlantEvol"" (F. Hennion) et portent sur 319 plantes de Lyallia kerguelensis distribuées dans 19 populations aux Iles Kerguelen. Le tableau “individual_variables .csv"" présente les traits morphologiques et biotiques par individu. Ces traits ont été en partie mesurés directement sur les plantes in situ et en partie extraits par une approche de photointerprétation à partir d'images calibrées des plantes. Le tableau “population_variables .csv” présente la localisation et les variables environnementales par population. Ces données ont été utilisées dans le cadre de l'article « Morphological variability of cushion plant Lyallia kerguelensis (Caryophyllales) in relation to environmental conditions and geography in the Kerguelen Islands: implications for cushion necrosis and climate change », 2020, L.J Marchand, M. Tarayre, T. Dorey, Y. Rantier et F. Hennion, Polar Biology, https://doi.org/10.1007/s00300-020-02768-2 et de la thèse de L.J. Marchand. Mots-clés: morphometry, morphological trait, cushion plant, cushion necrosis, neighbouring plant, environment, sub-Antarctic, soil, fellfield, topography",Lyallia kerguelensis,https://www.gbif.org/species/3701799
https://pndb.opendatasoft.com/explore/assets/zones-dalimentation-des-couples-de-craves-a-bec-rouge-ouessant-1998/,"Zones d'alimentation des couples de craves à bec rouge, Ouessant (1998)","Pour quantifier l'importance de cette sélection de l'habitat, notamment lors de périodes cruciales comme le moment de la reproduction, il est nécessaire de pouvoir comparer les surfaces d'habitats disponibles pour chacun des couples et leurs fréquences d'utilisation. Ainsi à Ouessant entre 1998 et 2003, l'ensemble des couples nicheurs a été suivi tout au long du cycle de reproduction, exception faite de 2001 où seulement la moitié a pu être suivie convenablement, soit un total de 68 territoires suivis. Pour chaque année et chaque couple, nous avons ainsi pu modéliser les territoires alimentaires utilisés. En période de reproduction deux critères de sélection ont pu ainsi être identifiés: les habitats ras et la distance au nid. Plus les parcelles d'habitats favorables (pelouse et landes rases) sont éloignées du nid moins elles sont utilisées. Le succès reproducteur apparaît influencé par les superficies d'habitats ras à proximité du nid. Pour plus de détails sur la méthodologie et les résultats : Kerbiriou C., Le Viol, I., Nisser, J., Audevard, A., Le Pennec, V. Biologie de la reproduction du Crave à bec rouge (Pyrrhocorax pyrrhocorax) en Bretagne (France) Alauda in press Kerbiriou, C., Gourmelon, F., Jiguet F., Le Viol I., Bioret F., &amp; Julliard R.,. 2006 Linking territory quality and reproductive success in the chough (Pyrrhocorax pyrrochorax): implications for conservation management of an endangered population. Ibis 148: 352-364", Pyrrhocorax pyrrochorax,https://www.gbif.org/species/2482552
